-- --------------------------------------------------------
-- Host:                         127.0.0.1
-- Server version:               10.4.27-MariaDB - mariadb.org binary distribution
-- Server OS:                    Win64
-- HeidiSQL Version:             12.3.0.6589
-- --------------------------------------------------------

/*!40101 SET @OLD_CHARACTER_SET_CLIENT=@@CHARACTER_SET_CLIENT */;
/*!40101 SET NAMES utf8 */;
/*!50503 SET NAMES utf8mb4 */;
/*!40103 SET @OLD_TIME_ZONE=@@TIME_ZONE */;
/*!40103 SET TIME_ZONE='+00:00' */;
/*!40014 SET @OLD_FOREIGN_KEY_CHECKS=@@FOREIGN_KEY_CHECKS, FOREIGN_KEY_CHECKS=0 */;
/*!40101 SET @OLD_SQL_MODE=@@SQL_MODE, SQL_MODE='NO_AUTO_VALUE_ON_ZERO' */;
/*!40111 SET @OLD_SQL_NOTES=@@SQL_NOTES, SQL_NOTES=0 */;


-- Dumping database structure for ctpa_da
CREATE DATABASE IF NOT EXISTS `ctpa_da` /*!40100 DEFAULT CHARACTER SET utf8mb4 COLLATE utf8mb4_general_ci */;
USE `ctpa_da`;

-- Dumping structure for table ctpa_da.admin
CREATE TABLE IF NOT EXISTS `admin` (
  `ID_ADMIN` int(10) unsigned NOT NULL AUTO_INCREMENT,
  `ID_VPCC` varchar(30) NOT NULL DEFAULT '',
  `TEN_ADMIN` varchar(255) NOT NULL,
  `MK_ADMIN` varchar(255) NOT NULL,
  `EMAIL_ADMIN` varchar(255) NOT NULL,
  `MATKHAU_DUAN` varchar(255) NOT NULL,
  `created_at` timestamp NULL DEFAULT NULL,
  `updated_at` timestamp NULL DEFAULT NULL,
  PRIMARY KEY (`ID_ADMIN`)
) ENGINE=InnoDB AUTO_INCREMENT=5 DEFAULT CHARSET=utf8mb4 COLLATE=utf8mb4_unicode_ci;

-- Dumping data for table ctpa_da.admin: ~3 rows (approximately)
INSERT INTO `admin` (`ID_ADMIN`, `ID_VPCC`, `TEN_ADMIN`, `MK_ADMIN`, `EMAIL_ADMIN`, `MATKHAU_DUAN`, `created_at`, `updated_at`) VALUES
	(1, '1', 'Admin', '202cb962ac59075b964b07152d234b70', 'admin', 'nylrrbsycocodlaj', NULL, NULL),
	(2, '', 'Admin', '202cb962ac59075b964b07152d234b70', 'vicntt10@gmail.com', 'nylrrbsycocodlaj', NULL, NULL),
	(4, '', 'Admin', '81dc9bdb52d04dc20036dbd8313ed055', 'quyen190400@gmail.com', 'nylrrbsycocodlaj', NULL, NULL);

-- Dumping structure for table ctpa_da.bieumauccv
CREATE TABLE IF NOT EXISTS `bieumauccv` (
  `ID_BMCCV` int(10) unsigned NOT NULL AUTO_INCREMENT,
  `ID_ADMIN` int(11) NOT NULL,
  `TEN_BMCCV` varchar(255) NOT NULL,
  `FILE_BMCCV` varchar(255) NOT NULL,
  `NGAYDANG_BMCCV` date NOT NULL,
  `created_at` timestamp NULL DEFAULT NULL,
  `updated_at` timestamp NULL DEFAULT NULL,
  PRIMARY KEY (`ID_BMCCV`)
) ENGINE=InnoDB AUTO_INCREMENT=9 DEFAULT CHARSET=utf8mb4 COLLATE=utf8mb4_unicode_ci;

-- Dumping data for table ctpa_da.bieumauccv: ~7 rows (approximately)
INSERT INTO `bieumauccv` (`ID_BMCCV`, `ID_ADMIN`, `TEN_BMCCV`, `FILE_BMCCV`, `NGAYDANG_BMCCV`, `created_at`, `updated_at`) VALUES
	(1, 2, ' ĐƠN ĐỀ NGHỊ BỔ NHIỆM LẠI CÔNG CHỨNG VIÊN 1', '/bieumauccv/tailieuxanh_tt01_2021_05_don_de_nghi_bo_nhiem_lai_ccv_882.doc', '2022-07-16', NULL, NULL),
	(2, 1, 'ĐƠN ĐỀ NGHỊ BỔ NHIỆM CÔNG CHỨNG VIÊN', '/bieumauccv/tailieuxanh_tt01_2021_03_don_de_nghi_bo_nhiem_ccv_8744.doc', '2022-06-21', NULL, NULL),
	(3, 1, 'GIẤY ĐĂNG KÝ THAM GIA \r\nKHÓA BỒI DƯỠNG NGHỀ CÔNG CHỨNG\r\n', '/bieumauccv/Mẫu giấy đăng ký bồi dưỡng nghề công chứng.docx', '2022-06-21', NULL, NULL),
	(4, 1, 'ĐƠN ĐỀ NGHỊ MIỄN NHIỆM CÔNG CHỨNG VIÊN\r\n', '/bieumauccv/don-de-nghi-mien-nhiem-cong-chung-vien.doc', '2022-06-21', NULL, NULL),
	(5, 1, 'GIẤY ĐỀ NGHỊ CÔNG NHẬN TƯƠNG ĐƯƠNG \r\nĐÀO TẠO NGHỀ CÔNG CHỨNG \r\n', '/bieumauccv/de-nghi-cong-nhan-tuong-duong-dao-tao-nghe-cong-chung.docx', '2022-06-21', NULL, NULL),
	(6, 1, '    1ĐƠN ĐỀ NGHỊ BỔ NHIỆM LẠI CÔNG CHỨNG VIÊN    ', '/bieumau/tailieuxanh_tt01_2021_03_don_de_nghi_bo_nhiem_ccv_8744.doc', '2022-06-22', NULL, NULL),
	(8, 2, 'kdsjfkddsbfjdshf', '/bieumauccv/15b1c8b05875df5b05bdf1ea38067d96.pptx', '2022-07-11', NULL, NULL);

-- Dumping structure for table ctpa_da.ccv
CREATE TABLE IF NOT EXISTS `ccv` (
  `id_msccv` int(10) NOT NULL AUTO_INCREMENT,
  `id_vpcc` int(10) NOT NULL,
  `tenccv` varchar(255) NOT NULL,
  `ngaybonhiem` date NOT NULL,
  `sobonhiem` varchar(100) NOT NULL,
  `ngaygianhap` date NOT NULL,
  `dienthoai` char(11) NOT NULL DEFAULT '',
  `email` varchar(100) NOT NULL,
  `trangthai` int(3) NOT NULL,
  `noihanhnghe` varchar(255) NOT NULL DEFAULT '',
  PRIMARY KEY (`id_msccv`) USING BTREE
) ENGINE=InnoDB AUTO_INCREMENT=19 DEFAULT CHARSET=utf8mb4 COLLATE=utf8mb4_unicode_ci;

-- Dumping data for table ctpa_da.ccv: ~5 rows (approximately)
INSERT INTO `ccv` (`id_msccv`, `id_vpcc`, `tenccv`, `ngaybonhiem`, `sobonhiem`, `ngaygianhap`, `dienthoai`, `email`, `trangthai`, `noihanhnghe`) VALUES
	(8, 1, 'Quách An', '2022-08-19', '23421', '2022-08-19', '0853728151', 'quachtanan1806@gmail.com', 0, 'Rạch Giá'),
	(11, 1, 'Quách Tấn An', '2022-08-27', '34534', '2022-08-27', '0853728151', 'quachtanan@gmail.com', 0, 'Việt Nam'),
	(12, 1, 'Hồng Quân', '2022-08-20', '123123', '2022-07-20', '090981823', 'hongquan@gmail.com', 0, 'Việt Nam'),
	(17, 1, 'ádasd', '2022-08-30', '', '2022-08-30', '', '', 0, ''),
	(18, 1, 'an quach', '1970-01-01', '123', '1970-01-01', '0853728151', 'aaa', 0, 'rg');

-- Dumping structure for table ctpa_da.ccvhoatdong
CREATE TABLE IF NOT EXISTS `ccvhoatdong` (
  `id_msccv` int(10) unsigned NOT NULL AUTO_INCREMENT,
  `id_vpcc` int(10) NOT NULL,
  `tenccv` varchar(255) NOT NULL,
  `khenthuong` varchar(255) NOT NULL,
  `loaikyluat` int(2) NOT NULL,
  `kyluat` varchar(255) NOT NULL,
  `hoiphi` int(10) NOT NULL,
  `ngay` date NOT NULL,
  PRIMARY KEY (`id_msccv`) USING BTREE
) ENGINE=InnoDB AUTO_INCREMENT=19 DEFAULT CHARSET=utf8mb4 COLLATE=utf8mb4_unicode_ci;

-- Dumping data for table ctpa_da.ccvhoatdong: ~3 rows (approximately)
INSERT INTO `ccvhoatdong` (`id_msccv`, `id_vpcc`, `tenccv`, `khenthuong`, `loaikyluat`, `kyluat`, `hoiphi`, `ngay`) VALUES
	(11, 1, 'Quách Tấn An', 'không có', 0, 'không có', 30000, '2022-09-01'),
	(17, 1, 'ádasd', 'có ', 2, 'có', 120000, '2022-08-31'),
	(18, 1, 'an quach', 'Tốt', 1, 'Không', 100000, '2022-08-20');

-- Dumping structure for table ctpa_da.chuyendoicongchung
CREATE TABLE IF NOT EXISTS `chuyendoicongchung` (
  `ID_DT` int(10) unsigned NOT NULL AUTO_INCREMENT,
  `TIEUDE_DT` varchar(255) NOT NULL,
  `NOIDUNG_DT` text NOT NULL,
  `HINHANH_DT` varchar(255) NOT NULL,
  `NGAYDANG_DT` date NOT NULL,
  PRIMARY KEY (`ID_DT`) USING BTREE
) ENGINE=InnoDB AUTO_INCREMENT=36 DEFAULT CHARSET=utf8mb4 COLLATE=utf8mb4_unicode_ci;

-- Dumping data for table ctpa_da.chuyendoicongchung: ~4 rows (approximately)
INSERT INTO `chuyendoicongchung` (`ID_DT`, `TIEUDE_DT`, `NOIDUNG_DT`, `HINHANH_DT`, `NGAYDANG_DT`) VALUES
	(31, 'Ngành dược chuyển đổi số, người dân hưởng nhiều lợi ích', '<h2>(NLĐO) &ndash; Hội nghị Khoa học Kỹ thuật Dược lần thứ 38 tổ chức v&agrave;o chiều 8-4 tại Trường Đại học Y dược TP HCM với nhiều nội dung li&ecirc;n quan đến ứng dụng c&ocirc;ng nghệ y tế nhằm ph&aacute;t triển ng&agrave;nh dược.</h2>\r\n\r\n<p>Tại hội nghị, thạc sĩ - dược sĩ Trương Văn Đạt, Khoa Dược, Trường ĐH Y dược TP HCM, cho biết khi dịch Covid-19 xảy ra, người bệnh gặp nhiều kh&oacute; khăn khi mua thuốc v&agrave; gặp dược sĩ để được tư vấn, hướng dẫn. Đặc biệt, nhu cầu cần được tư vấn hướng dẫn sử dụng c&aacute;c thuốc trong t&uacute;i thuốc F0 d&agrave;nh cho người mắc bệnh Covid-19 l&agrave; rất lớn nhưng chưa đủ nh&acirc;n lực để thực hiện việc n&agrave;y. Do đ&oacute;, việc ứng dụng c&aacute;c giải ph&aacute;p chuyển đổi số như hệ thống tư vấn từ xa, giao thuốc tận nơi... rất quan trọng.</p>\r\n\r\n<p><img alt="Ngành dược chuyển đổi số, người dân hưởng nhiều lợi ích - Ảnh 1." src="https://nld.mediacdn.vn/thumb_w/684/291774122806476800/2022/4/8/z3325968518060d44ee7dd7cd12392a9b734af12f7eff2-1649417545452875619220.jpg" title="Ngành dược chuyển đổi số, người dân hưởng nhiều lợi ích - Ảnh 1." /></p>\r\n\r\n<p>Thạc sĩ - dược sĩ Trương Văn Đạt, Khoa Dược, Trường ĐH Y dược TP HCM, b&aacute;o c&aacute;o tại hội nghị</p>\r\n\r\n<p>Ngo&agrave;i ra, theo dược sĩ Đạt, nhờ chuyển đổi số m&agrave; c&aacute;c c&ocirc;ng ty dược phẩm đ&atilde; thực hiện c&aacute;c nghi&ecirc;n cứu, quản l&yacute; hệ thống sản xuất, ph&acirc;n phối vắc-xin ngừa Covid-19 v&agrave; c&aacute;c loại thuốc đặc trị Covid-19 nhanh ch&oacute;ng.</p>\r\n\r\n<p>Việc chuyển đổi số rất quan trọng, gi&uacute;p dược sĩ c&oacute; thể l&agrave;m việc từ xa, th&ocirc;ng qua mạng m&aacute;y t&iacute;nh, robot... Ngay cả việc thử nghiệm l&acirc;m s&agrave;ng cũng c&oacute; thể thực hiện từ xa từ đ&oacute; đẩy mạnh việc ph&aacute;t minh, sản xuất thuốc, vắc-xin bảo đảm nguồn cung ứng kịp thời.</p>\r\n\r\n<p>Cũng tại hội nghị, GS-TS Trần Th&agrave;nh Đạo, Trưởng Khoa Dược, trường ĐH Y dược TP HCM, Trưởng Ban tổ chức, cho biết th&ecirc;m TP HCM đang c&oacute; định hướng ph&aacute;t triển c&ocirc;ng nghiệp dược trong v&ograve;ng 5 năm. C&ugrave;ng với đ&oacute; l&agrave; mong muốn đưa th&ecirc;m nhiều loại thuốc v&agrave;o danh mục bảo hiểm y tế để được đơn vị bảo hiểm chấp nhận chi trả điều trị cho người bệnh.</p>\r\n\r\n<p><img alt="Ngành dược chuyển đổi số, người dân hưởng nhiều lợi ích - Ảnh 2." src="https://nld.mediacdn.vn/thumb_w/684/291774122806476800/2022/4/8/z332596782846051109b84b469ad6ff4e8a7a7b60918aa-16494174821581482366542.jpg" title="Ngành dược chuyển đổi số, người dân hưởng nhiều lợi ích - Ảnh 2." /></p>\r\n\r\n<p>GS-TS Trần Th&agrave;nh Đạo - Trưởng Khoa Dược, Trường ĐH Y dược TP HCM, Trưởng Ban tổ chức hội nghị - ph&aacute;t biểu khai mạc</p>\r\n\r\n<p>&quot;Muốn l&agrave;m được điều n&agrave;y phải c&oacute; c&ocirc;ng nghệ đ&aacute;nh gi&aacute;, c&aacute;c nh&agrave; nghi&ecirc;n cứu dược phải định hướng tương lai danh mục h&oacute;a của tổ chức bảo hiểm y tế với mục ti&ecirc;u cuối c&ugrave;ng nhằm ph&aacute;t triển ng&agrave;nh dược v&agrave; phục vu người d&acirc;n tốt nhất&quot; &ndash; GS Trần Th&agrave;nh Đạo chia sẻ.</p>\r\n', '/chuyendoicongchung/155bba622a98d21a5663dc2d17ad798e.jpg', '2022-12-01'),
	(33, 'Chuyển đổi số trong ngành dược, bài học từ Anh quốc', '<p>VietTimes &ndash;&nbsp;Đ&atilde; c&oacute; 800 nh&agrave; thuốc tại Anh buộc phải&nbsp;đ&oacute;ng cửa v&igrave; c&aacute;c vấn đề về chi ph&iacute; vận h&agrave;nh&nbsp;được ghi nhận kể từ năm 2015. Nhu cầu chuyển đổi số ng&agrave;nh dược trở n&ecirc;n cần thiết hơn bao giờ hết.</p>\r\n\r\n<p>Những hiệu thuốc mặt tiền từng l&agrave; trụ cột của mọi con phố thượng lưu ở&nbsp;<a href="https://viettimes.vn/anh-quoc-tag19135.html">Anh quốc</a>&nbsp;ng&agrave;y c&agrave;ng hiếm hoi. Trong 7 năm qua, chi ph&iacute; vận h&agrave;nh cao, chi ph&iacute; thu&ecirc; mặt bằng v&agrave; sự thay đổi trong th&oacute;i quen của người ti&ecirc;u d&ugrave;ng đ&atilde; khiến hơn 800 hiệu thuốc phải đ&oacute;ng cửa kể từ năm 2015, một xu hướng kh&ocirc;ng c&oacute; dấu hiệu đảo ngược.</p>\r\n\r\n<p>C&aacute;c nh&agrave; nghi&ecirc;n cứu từ Đại học College London đ&atilde; ước t&iacute;nh rằng đến năm 2024, c&oacute; thể sẽ c&oacute; tới 3000 hiệu thuốc ở Anh phải đ&oacute;ng cửa. V&agrave; khi c&aacute;c nh&agrave; thuốc đ&oacute;ng cửa, một số bệnh nh&acirc;n sẽ rất kh&oacute; khăn trong việc tiếp cận c&aacute;c dịch vụ thiết yếu m&agrave; dược sĩ v&agrave; c&aacute;c nh&agrave; thuốc cung cấp. C&aacute;c nh&oacute;m bệnh nh&acirc;n bao gồm người gi&agrave; v&agrave; những người kh&ocirc;ng c&oacute; phương tiện di chuyển qu&atilde;ng đường d&agrave;i sẽ bị ảnh hưởng nếu số lượng hiệu thuốc đ&oacute;ng cửa ng&agrave;y c&agrave;ng tăng.</p>\r\n\r\n<p>Để giảm bớt kh&oacute; khăn do sự hiện diện ng&agrave;y c&agrave;ng thu hẹp của hiệu thuốc, hệ thống y tế của Anh đang trong qu&aacute; tr&igrave;nh th&iacute;ch ứng v&agrave; đổi mới. Chuyển đổi số l&agrave; trung t&acirc;m của qu&aacute; tr&igrave;nh n&agrave;y, với cơ sở hạ tầng mới được tạo ra để quản l&yacute; bệnh nh&acirc;n bằng c&aacute;c phương tiện kh&ocirc;ng bị rằng buộc v&agrave;o một địa điểm cụ thể. Mặc d&ugrave; sự chuyển đổi n&agrave;y c&ograve;n l&acirc;u mới ho&agrave;n th&agrave;nh, nhưng n&oacute; đang đi đ&uacute;ng hướng để mang lại lợi &iacute;ch cho c&aacute;c nh&agrave; cung cấp dược phẩm v&agrave; cho c&aacute;c bệnh nh&acirc;n.</p>\r\n\r\n<h2>L&yacute; do đằng sau việc số lượng c&aacute;c hiệu thuốc đ&oacute;ng cửa ng&agrave;y một tăng l&ecirc;n?</h2>\r\n\r\n<p>Những l&yacute; do đằng sau h&agrave;ng loạt vụ đ&oacute;ng cửa hiệu thuốc gần đ&acirc;y rất phức tạp, nhưng &aacute;p lực t&agrave;i ch&iacute;nh v&agrave; nhu cầu thay đổi của người ti&ecirc;u d&ugrave;ng l&agrave; những l&yacute; do h&agrave;ng đầu.</p>\r\n\r\n<p>Điều h&agrave;nh một doanh nghiệp dược c&oacute; l&atilde;i đ&ograve;i hỏi phải đạt được sự c&acirc;n bằng hợp l&yacute; giữa c&aacute;c loại thuốc v&agrave; dịch vụ được cung cấp cũng như chi ph&iacute; cung cấp c&aacute;c loại thuốc v&agrave; dịch vụ n&agrave;y. Nhưng khi nguồn t&agrave;i trợ của ch&iacute;nh phủ bị thu hẹp v&agrave; chi ph&iacute; của mọi thứ, từ lương nh&acirc;n vi&ecirc;n đến hệ thống sưởi ấm cửa h&agrave;ng tăng theo cấp số nh&acirc;n, c&aacute;c chủ hiệu thuốc phải đối mặt với những lựa chọn kh&oacute; khăn. B&agrave;i to&aacute;n tiết kiệm chi ph&iacute; ở c&aacute;c hiệu thuốc cần phải được thực hiện, bằng c&aacute;ch ngừng cung cấp một số dịch vụ nhất định hoặc bằng c&aacute;ch t&igrave;m ra những phương thức hiệu quả hơn để cung cấp ch&uacute;ng.</p>\r\n\r\n<p>Y&ecirc;u cầu của c&aacute;c bệnh nh&acirc;n đối với dịch vụ ở c&aacute;c hiệu thuốc cũng đ&atilde; thay đổi. Bệnh nh&acirc;n muốn sự thuận tiện v&agrave; linh hoạt khi y&ecirc;u cầu v&agrave; đặt thuốc. Ở thời điểm hiện tại, việc sử dụng c&ocirc;ng nghệ để gi&uacute;p cuộc sống trở n&ecirc;n dễ d&agrave;ng hơn l&agrave; điều b&igrave;nh thường v&agrave; lĩnh vực dược phẩm cũng kh&ocirc;ng tr&aacute;nh khỏi sự thay đổi n&agrave;y. C&aacute;c biện ph&aacute;p kỹ thuật số đ&atilde; được &aacute;p dụng để gi&uacute;p c&aacute;c bệnh nh&acirc;n mua những loại thuốc m&agrave; họ cần một c&aacute;ch nhanh v&agrave; thuận tiện hơn.</p>\r\n\r\n<h2>Chuyển đổi kỹ số trong ng&agrave;nh dược</h2>\r\n\r\n<p>Một trong những ứng dụng quan trọng của nh&agrave; thuốc số l&agrave; hỗ trợ liền mạch quy tr&igrave;nh tư vấn từ k&ecirc; đơn đến ph&acirc;n phối thuốc.</p>\r\n\r\n<p>Với c&aacute;c nền tảng số ph&ugrave; hợp, bệnh nh&acirc;n c&oacute; thể tham gia c&aacute;c buổi tư vấn trực tuyến với b&aacute;c sĩ, biết được những loại thuốc m&agrave; m&igrave;nh cần v&agrave; được gửi đến tận nh&agrave; bệnh nh&acirc;n. Quy tr&igrave;nh n&agrave;y c&oacute; thể được ho&agrave;n th&agrave;nh trong v&agrave;i giờ, nhanh hơn rất nhiều so với c&aacute;ch l&agrave;m truyền thống.</p>\r\n\r\n<p>Tuy nhi&ecirc;n, điều cần thiết l&agrave; c&aacute;c hiệu thuốc &aacute;p dụng chuyển đổi số phải được t&iacute;ch hợp đ&uacute;ng c&aacute;ch - tức l&agrave; ch&uacute;ng c&oacute; thể &#39;n&oacute;i chuyện&#39; v&agrave; chia sẻ th&ocirc;ng tin với c&aacute;c hệ thống hiện c&oacute; - để giảm thiểu sự chậm trễ trong việc k&ecirc; đơn v&agrave; giao thuốc cho bệnh nh&acirc;n.</p>\r\n\r\n<p>Lợi &iacute;ch của hiệu thuốc chuyển đổi số kh&ocirc;ng chỉ d&agrave;nh cho c&aacute;c bệnh nh&acirc;n. Đối với c&aacute;c b&aacute;c sĩ l&acirc;m s&agrave;ng, việc chuyển quy tr&igrave;nh k&ecirc; đơn sang nền tảng số cấp cho họ c&aacute;i nh&igrave;n tổng quan hơn về bệnh nh&acirc;n, đồng thời gi&uacute;p c&aacute;c b&aacute;c sĩ tiết kiệm thời gian hơn trong việc k&ecirc; đơn v&agrave; gửi thuốc cho bệnh nh&acirc;n. Đối với dược sỹ, c&aacute;c quy tr&igrave;nh tự động sẽ gi&uacute;p họ dễ d&agrave;ng kiểm k&ecirc; hơn, cho ph&eacute;p c&aacute;c hiệu thuốc tiết kiệm thời gian v&agrave; nguồn lực.</p>\r\n\r\n<h2>Một tương lai to&agrave;n diện của ng&agrave;nh dược</h2>\r\n\r\n<p>Điều quan trọng cần lưu &yacute; l&agrave; việc&nbsp;<a href="https://viettimes.vn/tai-sao-cac-dich-vu-cong-nen-duoc-chuyen-sang-nen-tang-dam-may-bai-hoc-tu-anh-quoc-post161948.html">chuyển đổi số</a>&nbsp;trong lĩnh vực dược phẩm cần phải đi song song với c&aacute;c dịch vụ chăm s&oacute;c sức khỏe tuyến.</p>\r\n\r\n<p>Dịch vụ chăm s&oacute;c trực tiếp sẽ lu&ocirc;n đ&oacute;ng một vai tr&ograve; quan trọng trong việc hỗ trợ sức khỏe của cộng đồng v&agrave; sự hiện diện ở một mức độ đ&aacute;ng kể trong tương lai. Tuy nhi&ecirc;n, ch&uacute;ng ta kh&ocirc;ng thể để ng&agrave;nh dược bị bỏ lại ph&iacute;a sau khi phần c&ograve;n lại của hệ thống chăm s&oacute;c sức khỏe đang hiện đại h&oacute;a v&agrave; ph&aacute;t triển để đ&aacute;p ứng nhu cầu mới v&agrave; ph&aacute;t triển trong điều kiện thay đổi.</p>\r\n\r\n<p>Tương lai của ng&agrave;nh dược l&agrave; sự kết hợp giữa kỹ thuật số v&agrave; dịch vụ chăm s&oacute;c trực tiếp tốt nhất, kh&ocirc;ng nhất thiết phải chọn chỉ một trong hai. Một hệ thống chăm s&oacute;c sức khỏe hiện đại n&ecirc;n nắm lấy cả hai v&agrave; tận dụng những lợi &iacute;ch tương ứng m&agrave; ch&uacute;ng mang lại để cung cấp dịch vụ chăm s&oacute;c tốt nhất c&oacute; thể cho bệnh nh&acirc;n.</p>\r\n\r\n<p>Khi qu&aacute; tr&igrave;nh chuyển đổi số ng&agrave;y một ph&aacute;t triển, th&aacute;ch thức nằm ở việc đảm bảo ti&ecirc;u chuẩn cao, nhất qu&aacute;n trong c&aacute;c c&ocirc;ng nghệ được triển khai cũng như hướng dẫn bệnh nh&acirc;n v&agrave; nh&agrave; cung cấp về c&aacute;ch tiếp cận c&aacute;c lợi &iacute;ch mới c&oacute; sẵn. Bằng c&aacute;ch quy tr&aacute;ch nhiệm chung cho c&aacute;c nh&agrave; cung cấp c&ocirc;ng nghệ v&agrave; hiệu thuốc về việc cung cấp dịch vụ nhất qu&aacute;n cho tất cả c&aacute;c b&ecirc;n li&ecirc;n quan, ch&uacute;ng ta c&oacute; thể x&acirc;y dựng một tương lai tươi s&aacute;ng cho c&aacute;c hiệu thuốc v&agrave; c&aacute;c bệnh nh&acirc;n.</p>\r\n', '/chuyendoicongchung/4e9f959d2d9790c329cd750fd85e5247.png', '2022-12-01'),
	(34, 'Lễ Công bố số hóa và Kế hoạch chuyển đổi số ngành Dược', '<p>Ng&agrave;y 13/8/2020, tại Bộ Y tế đ&atilde; diễn ra Lễ C&ocirc;ng bố số h&oacute;a v&agrave; Kế hoạch chuyển đổi số ng&agrave;nh dược. Tham dự buổi Lễ, c&oacute; đồng ch&iacute; Đỗ Xu&acirc;n Tuy&ecirc;n, Thứ trưởng Bộ Y tế;&nbsp;đồng ch&iacute; Trương Quốc Cường, Thứ trưởng Bộ Y tế; đồng ch&iacute; Trần Văn Thuấn, Thứ trưởng Bộ Y tế; Thiếu tướng L&ecirc; Đăng Dũng, Quyền Chủ tịch ki&ecirc;m Tổng Gi&aacute;m đốc Viettel; L&atilde;nh đạo c&aacute;c Vụ, Cục, Văn ph&ograve;ng Bộ (Bộ Y tế)&hellip;</p>\r\n\r\n<p><img alt="" src="https://moh.gov.vn/documents/176127/0/13.8.2020.+so+hoa+anh+1.JPG/03e3b538-f476-4d9c-985e-990ff7541912?t=1597322132205" /></p>\r\n\r\n<p><em>C&aacute;c đại biểu thực hiện nghi thức chuyển đổi số h&oacute;a ng&agrave;nh Dược</em></p>\r\n\r\n<p>Ph&aacute;t biểu tại buổi Lễ, Thứ trưởng Bộ Y tế Trương Quốc Cường cho biết: Nhằm ph&aacute;t huy vai tr&ograve; của CNTT v&agrave; những cơ hội do kỷ nguy&ecirc;n số mang lại, Đảng, Ch&iacute;nh phủ đ&atilde; c&oacute; chủ trương, ch&iacute;nh s&aacute;ch s&aacute;ng suốt, đ&uacute;ng đắn, tạo điều kiện, th&uacute;c đẩy ph&aacute;t triển, ứng dụng CNTT, nhất l&agrave; việc x&acirc;y dựng Ch&iacute;nh phủ điện tử. Trong những năm qua, Bộ Y tế rất quan t&acirc;m chỉ đạo, d&agrave;nh nguồn lực cho việc đẩy mạnh x&acirc;y dựng, ứng dụng CNTT trong c&ocirc;ng t&aacute;c cải c&aacute;ch h&agrave;nh ch&iacute;nh cũng như hoạt động quản l&yacute; của Ng&agrave;nh với mục ti&ecirc;u phục vụ tốt hơn người d&acirc;n v&agrave; doanh nghiệp, g&oacute;p phần ho&agrave;n th&agrave;nh kế hoạch x&acirc;y dựng Ch&iacute;nh phủ điện tử. Hiện tại, Bộ Y tế l&agrave; một trong số những đơn vị đ&atilde; ho&agrave;n th&agrave;nh kết nối trực tuyến mức độ 4 đối với tất cả c&aacute;c TTHC thực hiện tại Bộ Y tế, một số đơn vị thuộc Bộ đ&atilde; ho&agrave;n th&agrave;nh việc số h&oacute;a v&agrave; đang triển khai x&acirc;y dựng kế hoạch nhằm thực hiện việc chuyển đổi số ng&agrave;nh Y tế.</p>\r\n\r\n<p><img alt="" src="https://moh.gov.vn/documents/176127/0/13.8.2020+TT+Cuong.jpg/3657b5bb-9182-40d9-bbee-9a832ca22950?t=1597322142602" /></p>\r\n\r\n<p><em>TS. Trương Quốc Cường, Thứ trưởng Bộ Y tế ph&aacute;t biểu tại buổi Lễ</em></p>\r\n\r\n<p>Việc ho&agrave;n th&agrave;nh số h&oacute;a ng&agrave;nh Dược l&agrave; nền tảng cơ bản để thực hiện chuyển đổi số trong ng&agrave;nh Dược, qua đ&oacute; g&oacute;p phần x&acirc;y dựng hệ thống y tế Việt Nam hiện đại, chất lượng, c&ocirc;ng bằng, hiệu quả v&agrave; hội nhập quốc tế; hỗ trợ người d&acirc;n, doanh nghiệp, c&aacute;n bộ y tế dễ d&agrave;ng tiếp cận th&ocirc;ng tin về thuốc; đồng thời gi&uacute;p tăng cường việc quản l&yacute;, đảm bảo sử dụng thuốc an to&agrave;n, hợp l&yacute; v&agrave; hiệu quả.</p>\r\n\r\n<p>Tuy nhi&ecirc;n, Thứ trưởng cũng cho biết đ&acirc;y mới l&agrave; khởi đầu của giai đoạn mới - giai đoạn đ&ograve;i hỏi ch&uacute;ng ta phải n&acirc;ng cao tr&igrave;nh độ quản l&yacute; v&agrave; kỹ năng xử l&yacute; c&ocirc;ng việc. Chuyển đổi số trước ti&ecirc;n l&agrave; chuyển đổi nhận thức, c&aacute;c đơn vị cần tiến h&agrave;nh chuyển đổi số ngay th&ocirc;ng qua việc sử dụng nguồn lực, hệ thống kỹ thuật sẵn c&oacute; để số h&oacute;a; t&aacute;i cấu tr&uacute;c quy tr&igrave;nh nghiệp vụ, cơ cấu tổ chức v&agrave; chuyển đổi c&aacute;c mối quan hệ từ m&ocirc;i trường truyền thống sang m&ocirc;i trường số.</p>\r\n\r\n<p><img alt="" src="https://moh.gov.vn/documents/176127/0/13.8.2020+Toan+canh.jpg/5caf608c-b393-46dd-a2fb-094a4f12519c?t=1597322150621" /></p>\r\n\r\n<p>Ngay từ năm 2018, Cục Quản l&yacute; Dược &ndash; Bộ Y tế đ&atilde; thực hiện x&acirc;y dựng, kết nối, li&ecirc;n th&ocirc;ng th&agrave;nh c&ocirc;ng 13 dịch vụ c&ocirc;ng trực tuyến với Cơ chế một cửa quốc gia, song song với việc duy tr&igrave; c&aacute;c dịch vụ c&ocirc;ng trực tuyến trong lĩnh vực c&ocirc;ng bố mỹ phẩm v&agrave; x&aacute;c nhận th&ocirc;ng tin quảng c&aacute;o thuốc. Đến năm 2019, tiếp tục ho&agrave;n th&agrave;nh v&agrave; đưa v&agrave;o hoạt động c&aacute;c dịch vụ c&ocirc;ng trực tuyến phục vụ việc k&ecirc; khai/ k&ecirc; khai lại gi&aacute; thuốc; ho&agrave;n thiện từng bước c&aacute;c phần mềm xử l&yacute; t&aacute;c nghiệp đăng k&yacute; thuốc, quản l&yacute; chất lượng thuốc, quản l&yacute; kinh doanh dược để tiến tới cung cấp dịch vụ c&ocirc;ng trực tuyến trong lĩnh vực n&agrave;y.</p>\r\n\r\n<p>T&iacute;nh đến 30/6/2020, đ&atilde; ho&agrave;n th&agrave;nh x&acirc;y dựng dịch vụ c&ocirc;ng trực tuyến mức độ 4 kết nối Cổng dịch vụ c&ocirc;ng Bộ Y tế đối với to&agrave;n bộ 93 TTHC, đạt 100% v&agrave; đ&atilde; triển khai kết nối Cơ chế một cửa Quốc gia đối với 15 dịch vụ c&ocirc;ng trực tuyến. Từ ng&agrave;y 01/01/2020 đến nay, số hồ sơ được xử l&yacute; trực tuyến l&agrave; 18.027 hồ sơ.</p>\r\n\r\n<p>X&acirc;y dựng Hệ thống Cơ sở dữ liệu Dược Quốc gia, kết nối, li&ecirc;n th&ocirc;ng c&aacute;c cơ sở cung ứng thuốc theo Chỉ thị số 23/CT-TTg ng&agrave;y 23/8/2018 của Thủ tướng Ch&iacute;nh phủ: Hiện tại, đ&atilde; ho&agrave;n th&agrave;nh kết nối 63/63 tỉnh/th&agrave;nh phố, gần 100% tr&ecirc;n tổng số 60.724 cơ sở cung ứng thuốc đ&atilde; c&oacute; phần mềm, 60% đ&atilde; li&ecirc;n th&ocirc;ng dữ liệu, quản l&yacute; hơn 7,2 triệu đơn thuốc, 26,7 triệu h&oacute;a đơn b&aacute;n h&agrave;ng, gần 4 triệu phiếu xuất nhập kho. Th&aacute;ng 8/2019, Ng&acirc;n h&agrave;ng dữ liệu ng&agrave;nh Dược (drugbank.vn) đ&atilde; được khai trương với th&ocirc;ng tin tra cứu của hơn 10.000 thuốc. Đến nay đ&atilde; cung cấp dữ liệu của 15.226 loại thuốc đang được cấp ph&eacute;p lưu h&agrave;nh c&ograve;n hiệu lực tại Việt Nam. Đồng thời chuẩn h&oacute;a v&agrave; x&acirc;y dựng Phần mềm m&atilde; định danh cho hơn 23.500 thuốc được cấp ph&eacute;p lưu h&agrave;nh c&ograve;n hiệu lực tại Việt Nam.</p>\r\n\r\n<p>Để khắc phục t&igrave;nh trạng cấp tr&ugrave;ng chứng chỉ h&agrave;nh nghề ở c&aacute;c địa phương cũng như gi&uacute;p c&aacute;c cơ quan qu&acirc;n l&yacute; gi&aacute;m s&aacute;t việc cấp chứng chỉ h&agrave;nh nghề dược, Cục Quản l&yacute; Dược đ&atilde; x&acirc;y dựng phần mềm quản l&yacute; dữ liệu h&agrave;nh nghề v&agrave; kinh doanh dược với th&ocirc;ng tin về to&agrave;n bộ c&aacute;c cơ sở kinh doanh dược (340 cơ sở sản xuất, xuất nhập khẩu, 4.079 cơ sở b&aacute;n bu&ocirc;n, 61.000 cơ sở b&aacute;n lẻ thuốc) v&agrave; 115.080 chứng chỉ h&agrave;nh nghề đ&atilde; được cấp tr&ecirc;n to&agrave;n quốc.</p>\r\n\r\n<p>Việc ho&agrave;n th&agrave;nh số h&oacute;a ng&agrave;nh Dược l&agrave; nền tảng cơ bản để thực hiện chuyển đổi số trong ng&agrave;nh Dược, qua đ&oacute; g&oacute;p phần x&acirc;y dựng hệ thống y tế Việt Nam hiện đại, chất lượng, c&ocirc;ng bằng, hiệu quả v&agrave; hội nhập quốc tế; hỗ trợ người d&acirc;n, doanh nghiệp, c&aacute;n bộ y tế dễ d&agrave;ng tiếp cận th&ocirc;ng tin về thuốc; đồng thời gi&uacute;p tăng cường việc quản l&yacute;, đảm bảo sử dụng thuốc an to&agrave;n, hợp l&yacute; v&agrave; hiệu quả.</p>\r\n\r\n<p>Từ đầu năm 2020, trước t&igrave;nh h&igrave;nh diễn biến hết sức phức tạp cua dịch COVID-19 tr&ecirc;n to&agrave;n thể giới, Cục Quản l&yacute; Dược đ&atilde; chủ động phối hợp với c&aacute;c đơn vị li&ecirc;n quan x&acirc;y dụng phần mềm để c&aacute;c cơ sở sản xuất thuốc, nhập khẩu thuốc b&aacute;o c&aacute;o li&ecirc;n tục việc xuất, nhập, tồn cũng như kế hoạch sản xuất, nhập khẩu c&aacute;c thuốc được khuyến nghị sử dụng trong hướng dẫn chẩn đo&aacute;n v&agrave; điều trị COVID-19 với 48 hoạt chất. Trong thời gian tới, Cục Quản l&yacute; Dược sẽ tiếp tục ph&aacute;t triển phần mềm kết nối tới tất cả c&aacute;c nh&agrave; m&aacute;y để quản l&yacute; v&agrave; c&oacute; số liệu b&aacute;o c&aacute;o, thống k&ecirc; của khoảng 700 hoạt chất d&ugrave;ng trong sản xuất thuốc tại Việt Nam.</p>\r\n\r\n<p>Bắt đầu từ th&aacute;ng 01/2020, cho đến nay. Cục Quản l&yacute; Dược đ&atilde; ho&agrave;n th&agrave;nh việc x&acirc;y dựng hệ thống phần mềm khởi tạo m&atilde; định danh cho từmg loại thuốc. Tới thời điểm n&agrave;y to&agrave;n bộ m&atilde; định danh đ&atilde; ho&agrave;n thiện v&agrave; trở th&agrave;nh khối dữ liệu cơ bản, n&ecirc;n t&agrave;ng của Cục Quản l&yacute; Dược cũng như l&agrave; khối dữ liệu d&ugrave;ng chung cho to&agrave;n ng&agrave;nh Y tế trong qu&aacute; tr&igrave;nh chuyển đổi số. Hiện c&oacute; 23.500 thuốc được cấp ph&eacute;p lưu h&agrave;nh c&ograve;n hiệu lực v&agrave; trong số đ&oacute; 100% l&agrave; thuốc k&ecirc; đơn đ&atilde; được cấp m&atilde; định danh&hellip;.</p>\r\n\r\n<p>Đ&acirc;y kh&ocirc;ng chỉ l&agrave; dữ liệu của Cục quản l&yacute; Dược m&agrave; c&ograve;n l&agrave; dữ liệu d&ugrave;ng chung của to&agrave;n ng&agrave;nh Y tế trong tất cả c&aacute;c hệ thống: Đơn thuốc điện tử, Bệnh &aacute;n điện tử, Y bạ điện tử, Giảm định thanh to&aacute;n bảo hiểm y tế cũng như c&aacute;c phần mềm kh&aacute;c đ&atilde; v&agrave; đang sử dụng trong ng&agrave;nh Y tế.</p>\r\n\r\n<p>Ph&aacute;t biểu tại buổi Lễ, Thiếu tướng L&ecirc; Đăng Dũng, Quyền Chủ tịch ki&ecirc;m Tổng Gi&aacute;m đốc Viettel cho biết, Viettel lu&ocirc;n sẵn s&agrave;ng về c&ocirc;ng nghệ để đ&aacute;p ứng nhu cầu, tuy nhi&ecirc;n việc &aacute;p dụng th&agrave;nh c&ocirc;ng hay kh&ocirc;ng th&igrave; kh&ocirc;ng chỉ c&oacute; nguy&ecirc;n nh&acirc;n do c&ocirc;ng nghệ m&agrave; phần lớn quyết định th&agrave;nh c&ocirc;ng l&agrave; do nhận thức v&agrave; sự quyết t&acirc;m ch&iacute;nh trị của đơn vị, của người đứng đầu đơn vị thực hiện chuyển đổi số./</p>\r\n', '/chuyendoicongchung/635d1c7b981d21a5cd96fdd903cf5812.jpg', '2022-12-01'),
	(35, 'Hội nghị chuyển đổi số ngành Y tế năm 2022 khu vực phía Nam', '<p><strong>Ng&agrave;y 28/11/2022, Bộ Y tế tổ chức hội nghị Chuyển đổi số ng&agrave;nh Y tế năm 2022 khu vực ph&iacute;a Nam. GS.TS.Trần Văn Thuấn, Thứ trưởng Bộ Y tế dự v&agrave; ph&aacute;t biểu tại hội nghị.</strong></p>\r\n\r\n<p>&nbsp;</p>\r\n\r\n<h2>Tham dự c&oacute; đại diện một số Vụ, Cục, Văn ph&ograve;ng Bộ Y tế; l&atilde;nh đạo UBND tỉnh B&agrave; Rịa &ndash; Vũng T&agrave;u; UBND tỉnh Đồng Nai, Sở Y tế v&agrave; một số đơn vị li&ecirc;n quan.</h2>\r\n\r\n<h2><img alt="" src="https://moh.gov.vn/documents/20182/1410811/28.11.2022.+HNCDS+1.jpg/5eb6e63c-003c-4732-b93a-b1287de3ba73?t=1669695707329" /></h2>\r\n\r\n<h2><em>GS.TS.Trần Văn Thuấn, Thứ trưởng Bộ Y tế ph&aacute;t biểu</em></h2>\r\n\r\n<h2>Ph&aacute;t biểu khai mạc hội nghị, GS.TS.Trần Văn Thuấn, Thứ trưởng Bộ Y tế cho biết: hơn hai năm qua, dưới sự chỉ đạo của Ban Chỉ đạo Quốc gia ph&ograve;ng, chống dịch COVID-19, Bộ Y tế đ&atilde; nỗ lực phối hợp với c&aacute;c Bộ, ng&agrave;nh, ch&iacute;nh quyền địa phương triển khai quyết liệt c&aacute;c giải ph&aacute;p kiểm so&aacute;t tốt dịch bệnh, đồng thời tạo điều kiện thực hiện hoạt động ph&aacute;t triển hoạt động kinh tế - x&atilde; hội.</h2>\r\n\r\n<h2>&ldquo;Kết quả n&agrave;y c&oacute; được l&agrave; nhờ sự kết hợp h&agrave;i h&ograve;a của nhiều yếu tố, trong đ&oacute; kh&ocirc;ng thể kh&ocirc;ng n&oacute;i đến sự đ&oacute;ng g&oacute;p kh&ocirc;ng nhỏ của việc ứng dụng c&ocirc;ng nghệ th&ocirc;ng tin v&agrave; chuyển đổi số y tế&rdquo; - Thứ trưởng n&oacute;i.</h2>\r\n\r\n<h2>Thứ trưởng Trần Văn Thuấn cho biết th&ecirc;m: Bộ Y tế, Bộ Th&ocirc;ng tin v&agrave; Truyền th&ocirc;ng, Bộ C&ocirc;ng an v&agrave; c&aacute;c doanh nghiệp c&ocirc;ng nghệ th&ocirc;ng tin đ&atilde; phối hợp triển khai rất hiệu quả nhiều ứng dụng c&ocirc;ng nghệ th&ocirc;ng tin phục vụ cho c&ocirc;ng t&aacute;c ph&ograve;ng, &nbsp;chống dịch bệnh COVID-19 như: C&aacute;c ứng dụng quản l&yacute; khai b&aacute;o y tế, x&eacute;t nghiệm, quản l&yacute; ca bệnh, quản l&yacute; điều trị bệnh nh&acirc;n COVID-19, quản l&yacute; oxy y tế&hellip;; Triển khai nền tảng Quản l&yacute; ti&ecirc;m chủng COVID-19 phục vụ cho chiến dịch ti&ecirc;m chủng lớn nhất trong lịch sử; Kh&aacute;nh th&agrave;nh v&agrave; đưa v&agrave;o sử dụng hệ thống kh&aacute;m chữa bệnh từ xa tại hơn 1.000 cơ sở y tế trong cả nước; C&aacute;c ứng dụng tư vấn kh&aacute;m chữa bệnh từ xa, hỗ trợ người d&acirc;n&hellip;</h2>\r\n\r\n<h2>Thực hiện Nghị quyết số 52-NQ/TW ng&agrave;y 27/09/2019 của Bộ Ch&iacute;nh trị về một số chủ trương, ch&iacute;nh s&aacute;ch chủ động tham gia cuộc c&aacute;ch mạng c&ocirc;ng nghiệp lần thứ tư v&agrave; Quyết định số 749/QĐ-TTg ng&agrave;y 03/6/2020 của Thủ tướng Ch&iacute;nh phủ ph&ecirc; duyệt &ldquo;Chương tr&igrave;nh Chuyển đổi số quốc gia đến năm 2025, định hướng đến năm 2030&rdquo;, ng&agrave;y 22/12/2020 Bộ Y tế đã ban h&agrave;nh Quyết định số 5316/QĐ-BYT ph&ecirc; duyệt chương tr&igrave;nh chuyển đổi số y tế đến năm 2025, định hướng đến năm 2030.</h2>\r\n\r\n<h2>&nbsp;&ldquo;Thời gian vừa qua c&aacute;c đơn vị, địa phương đ&atilde; nỗ lực, ưu ti&ecirc;n nhiều nguồn lực triển khai chuyển đổi số y tế, đến nay việc chuyển đổi số y tế đ&atilde; đạt được c&aacute;c kết quả t&iacute;ch cực về chuyển đổi nhận thức; về kiến tạo thể chế; về ph&aacute;t triển hạ tầng số; về ph&aacute;t triển c&aacute;c nền tảng số v&agrave; về an to&agrave;n, an ninh mạng. Thay mặt l&atilde;nh đạo Bộ Y tế, t&ocirc;i ghi nhận, biểu dương v&agrave; đ&aacute;nh gi&aacute; cao những nỗ lực, quyết t&acirc;m v&agrave; những kết quả đạt được của c&aacute;c đơn vị, địa phương trong c&ocirc;ng cuộc chuyển đổi số y tế, g&oacute;p phần quan trọng v&agrave;o c&ocirc;ng cuộc chuyển đổi số quốc gia của ch&uacute;ng ta&rdquo; - Thứ trưởng đ&aacute;nh gi&aacute;.</h2>\r\n\r\n<h2><img alt="" src="https://moh.gov.vn/documents/20182/1410811/28.11.2022.+HNCDS+3.jpg/72ff020c-1604-44d1-ab3e-210234bf307d?t=1669695716568" /></h2>\r\n\r\n<h2><em>C&aacute;c đại biểu tham dự hội nghị</em></h2>\r\n\r\n<h2>Tuy nhi&ecirc;n, Thứ trưởng Bộ Y tế Trần Văn Thuấn cũng chỉ r&otilde; một số tồn tại, kh&oacute; khăn, vướng mắc cần được giải quyết một c&aacute;ch triệt để như: nhiều địa phương, đơn vị chưa thực sự quan t&acirc;m đến việc đẩy mạnh ứng dụng CNTT v&agrave; chuyển đổi số y tế; Nguồn nh&acirc;n lực v&agrave; hạ tầng CNTT tại c&aacute;c đơn vị c&ograve;n thiếu v&agrave; yếu do thiếu cơ chế t&agrave;i ch&iacute;nh, nguồn lực đầu tư cho chuyển đổi số y tế; Số lượng c&aacute;c cơ sở kh&aacute;m chữa bệnh triển khai bệnh &aacute;n điện tử theo Th&ocirc;ng tư số 46/2018/TT-BYT c&ograve;n rất hạn chế, mới c&oacute; 37 cơ sở tr&ecirc;n to&agrave;n quốc, con số n&agrave;y rất khi&ecirc;m tốn so với mục ti&ecirc;u v&agrave; lộ tr&igrave;nh đặt ra, b&ecirc;n cạnh đ&oacute; Th&ocirc;ng tư 46/2018/TT-BYT hiện c&ograve;n những quy định kh&ocirc;ng c&ograve;n ph&ugrave; hợp với thực tiễn; Số lượng cơ sở kh&aacute;m, chữa bệnh triển khai y tế từ xa đang ng&agrave;y c&agrave;ng phổ biến, tuy nhi&ecirc;n hiệu quả triển khai c&ograve;n chưa r&otilde; r&agrave;ng khi vướng mắc về cơ chế t&agrave;i ch&iacute;nh v&agrave; c&aacute;c quy định c&oacute; li&ecirc;n quan của ph&aacute;p luật về kh&aacute;m chữa bệnh.</h2>\r\n\r\n<h2>Tại hội nghị, Thứ trưởng Trần Văn Thuấn đề nghị c&aacute;c đơn vị chuy&ecirc;n m&ocirc;n thuộc Bộ Y tế, c&aacute;c địa phương, đơn vị thực hiện một số nội dung sau:</h2>\r\n\r\n<h2><em>Thứ nhất:</em>&nbsp;tập trung ho&agrave;n thiện thể chế, ch&iacute;nh s&aacute;ch, trong đ&oacute; c&oacute; nội dung x&acirc;y dựng v&agrave; tr&igrave;nh Ch&iacute;nh phủ dự thảo Nghị định quy định quản l&yacute; dữ liệu y tế; ban h&agrave;nh Th&ocirc;ng tư điều chỉnh, bổ sung của c&aacute;c Th&ocirc;ng tư số 49/2017/TT-BYT, Th&ocirc;ng tư số 54/2017/TT-BYT v&agrave; Th&ocirc;ng tư số 46/2018/TT-BYT. Triển khai c&aacute;c giải ph&aacute;p nhằm n&acirc;ng cao xếp hạng chỉ số đ&aacute;nh gi&aacute; chuyển đổi số (DTI) của Bộ Y tế, ưu ti&ecirc;n th&uacute;c đẩy những chỉ số c&ograve;n thấp.</h2>\r\n\r\n<h2><em>Thứ hai:</em>&nbsp;tập trung triển khai Đề &aacute;n Ph&aacute;t triển ứng dụng dữ liệu d&acirc;n cư, định danh v&agrave; x&aacute;c thực điện tử phục vụ chuyển đổi số quốc gia giai đoạn 2022-2025, tầm nh&igrave;n đến năm 2030 (Đề &aacute;n 06) mang lại lợi &iacute;ch thiết thực cho người d&acirc;n trong c&ocirc;ng t&aacute;c chăm s&oacute;c sức khỏe.</h2>\r\n\r\n<h2><em>Thứ ba:</em>&nbsp;C&aacute;c đơn vị, địa phương khẩn trương x&acirc;y dựng kế hoạch chuyển đổi số tổng thể, to&agrave;n diện, b&aacute;m s&aacute;t c&aacute;c văn bản hướng dẫn, c&aacute;c chương tr&igrave;nh, đề &aacute;n của Bộ Y tế; khẩn trương ban h&agrave;nh Kế hoạch triển khai Quyết định số 2955/QĐ-BYT của Bộ Y tế ph&ecirc; duyệt Kế hoạch th&uacute;c đẩy ph&aacute;t triển v&agrave; sử dụng c&aacute;c nền tảng số y tế thực hiện chương tr&igrave;nh chuyển đổi số quốc gia đến năm 2025, định hướng đến năm 2030.</h2>\r\n\r\n<h2><em>Thứ tư:</em>&nbsp;Tăng cường truyền th&ocirc;ng về lợi &iacute;ch của chuyển đổi số y tế để c&aacute;c cơ quan, đơn vị, người d&acirc;n, doanh nghiệp hiểu r&otilde; về lợi &iacute;ch v&agrave; hiệu quả của chuyển đổi số y tế. Th&uacute;c đẩy thanh to&aacute;n kh&ocirc;ng d&ugrave;ng tiền mặt, sử dụng thẻ CCCD gắn ch&iacute;p khi kh&aacute;m chữa bệnh BHYT tại c&aacute;c cơ sở y tế.</h2>\r\n\r\n<h2><img alt="" src="https://moh.gov.vn/documents/20182/1410811/28.11.2022.+HNCDS+2.jpg/24e25f0e-46e0-46b1-b105-b75a70acd25e?t=1669695712326" /></h2>\r\n\r\n<h2><em>&Ocirc;ng Đỗ Trường Duy, Cục trưởng Cục C&ocirc;ng nghệ th&ocirc;ng tin ph&aacute;t biểu tại hội nghị</em></h2>\r\n\r\n<h2>Theo &ocirc;ng Đỗ Trường Duy, Cục trưởng Cục C&ocirc;ng nghệ th&ocirc;ng tin (Trung t&acirc;m Th&ocirc;ng tin y tế quốc gia) cho biết, ngay sau khi Quyết định số 749/QĐ-TTg ng&agrave;y 03/6/2020 của Thủ tướng Ch&iacute;nh phủ ph&ecirc; duyệt &ldquo;Chương tr&igrave;nh chuyển đổi số quốc gia đến năm 2025, định hướng đến năm 2030&rdquo;. Ng&agrave;y 22/12/2020 Bộ Y tế ban h&agrave;nh Quyết định 5316/QĐ-BYT ph&ecirc; duyệt Chương tr&igrave;nh chuyển đổi số y tế đến năm 2025, định hướng đến năm 2030 v&agrave; Quyết định số 2955/QĐ-BYT ng&agrave;y 28/10/2022 ph&ecirc; duyệt Kế hoạch th&uacute;c đẩy ph&aacute;t triển v&agrave; sử dụng c&aacute;c nền tảng số y tế thực hiện chương tr&igrave;nh chuyển đổi số quốc gia đến năm 2025, định hướng đến năm 2030 đ&atilde; cụ thể h&oacute;a một số mục ti&ecirc;u, hoạt động chuyển đổi số y tế. Đ&acirc;y l&agrave; cơ sở để địa phương, đơn vị x&aacute;c định mục ti&ecirc;u, kết quả kế hoạch chuyển đổi số y tế của địa phương đơn vị m&igrave;nh&hellip;</h2>\r\n\r\n<h2>Quyết định số 06/QĐ-TTg ph&ecirc; duyệt Đề &aacute;n &ldquo;Ph&aacute;t triển ứng dụng dữ liệu về d&acirc;n cư, định danh v&agrave; x&aacute;c thực điện tử phục vụ chuyển đổi số quốc gia giai đoạn 2022 - 2025, tầm nh&igrave;n đến năm 2030&rdquo; (gọi tắt l&agrave; Đề &aacute;n 06) n&ecirc;u r&otilde; nội dung trọng t&acirc;m l&agrave; đảm bảo cơ sở dữ liệu quốc gia về d&acirc;n cư &ldquo;đ&uacute;ng, đủ, sạch, sống&rdquo; th&ocirc;ng qua to&agrave;n bộ qu&aacute; tr&igrave;nh khởi tạo, l&agrave;m sạch, cập nhật, khai th&aacute;c tiện &iacute;ch đối với dữ liệu của c&ocirc;ng d&acirc;n trong c&aacute;c lĩnh vực ưu ti&ecirc;n chuyển đổi số quốc gia, trong đ&oacute; c&oacute; lĩnh vực y tế.</h2>\r\n\r\n<h2>&Ocirc;ng Đỗ Trường Duy cho biết th&ecirc;m, Bộ Y tế được giao c&aacute;c nhiệm vụ thực hiện Đề &aacute;n 06 c&oacute; t&iacute;nh trọng t&acirc;m theo giai đoạn:</h2>\r\n\r\n<h2>- Nh&oacute;m 1: Giai đoạn 06 th&aacute;ng đầu năm 2022, thời điểm ban h&agrave;nh Quyết định 06 của Thủ tướng Ch&iacute;nh phủ cũng l&agrave; thời điểm dịch COVID-19 c&ograve;n diễn biến phức tạp, trọng t&acirc;m nhiệm vụ của Bộ Y tế l&agrave; l&agrave;m &ldquo;đ&uacute;ng, đủ, sạch, sống&rdquo; dữ liệu c&ocirc;ng d&acirc;n phục vụ ph&ograve;ng, chống dịch COVID-19. Dữ liệu li&ecirc;n quan bao gồm dữ liệu ti&ecirc;m chủng COVID-19, dữ liệu x&eacute;t nghiệm COVID -19, dữ liệu F0 khỏi bệnh.</h2>\r\n\r\n<h2>- Nh&oacute;m 2: Giai đoạn 06 th&aacute;ng cuối năm 2022, t&igrave;nh h&igrave;nh dịch COVID -19 kh&ocirc;ng c&ograve;n phức tạp, nhiệm vụ được giao của Bộ Y tế chuyển sang trọng t&acirc;m l&agrave; dữ liệu về th&ocirc;ng tin sức khỏe c&aacute; nh&acirc;n, đảm bảo dữ liệu &ldquo;đ&uacute;ng, đủ, sạch, sống&rdquo; trong c&ocirc;ng t&aacute;c kh&aacute;m, chữa bệnh.</h2>\r\n\r\n<h2>- Nh&oacute;m 3: Trong thời gian tới, c&aacute;c nhiệm vụ được giao của Bộ Y tế sẽ chuyển trọng t&acirc;m để đ&aacute;p ứng kết nối th&ocirc;ng tin, dữ liệu nh&agrave; thuốc, cơ sở kh&aacute;m bệnh, chữa bệnh, quản l&yacute; chứng chỉ h&agrave;nh nghề dược, h&agrave;nh nghề kh&aacute;m bệnh, chữa bệnh với cơ sở dữ liệu quốc gia về d&acirc;n cư, cũng như kết nối th&ocirc;ng tin thực hiện thủ tục h&agrave;nh ch&iacute;nh (dịch vụ c&ocirc;ng trực tuyến) của c&aacute;c doanh nghiệp trong lĩnh vực, dược, an to&agrave;n thực phẩm, trang thiết bị v&agrave; vật tư y tế.</h2>\r\n\r\n<h2>&ldquo;Ch&uacute;ng ta cần thống nhất chung nhận thức về tầm quan trọng của Đề &aacute;n 06 v&agrave; mối quan hệ giữa Đề &aacute;n v&agrave; chương tr&igrave;nh chuyển đổi số quốc gia v&agrave; c&aacute;c hoạt động chuyển đổi số y tế. Từ đ&oacute; thống nhất về việc x&aacute;c định mục ti&ecirc;u chung, mục ti&ecirc;u cụ thể trước mắt v&agrave; c&aacute;ch thức tổ chức thực hiện để triển khai th&agrave;nh c&ocirc;ng v&agrave; hiệu quả c&aacute;c nhiệm vụ chuyển đổi số y tế, phục vụ sự nghiệp chăm s&oacute;c v&agrave; bảo vệ sức khỏe nh&acirc;n d&acirc;n&rdquo;- &Ocirc;ng Đỗ Trường Duy n&oacute;i.</h2>\r\n\r\n<h2><img alt="" src="https://moh.gov.vn/documents/20182/1410811/28.11.2022.+HNCDS+4.jpg/8d36dcda-4213-46cc-b94f-6bf66c36c80b?t=1669695721017" /></h2>\r\n\r\n<h2><em>TS.BS. H&agrave; Anh Đức, Ch&aacute;nh Văn ph&ograve;ng Bộ Y tế tham luận t&igrave;nh h&igrave;nh triển khai ứng dụng CNTT trong giải quyết thủ tục h&agrave;nh ch&iacute;nh tại Bộ Y tế</em></h2>\r\n\r\n<h2>Tại hội nghị c&aacute;c đại biểu cũng được nghe một số tham luận như: Phổ biến triển khai Kế hoạch th&uacute;c đẩy c&aacute;c nền tảng số y tế v&agrave; hướng dẫn thực hiện; Giới thiệu dự thảo sửa đổi Th&ocirc;ng tư 53/2014/TT-BYT, 49/2017/TT-BYT, 54/2017/TT-BYT, 46/2018/TT-BYT; B&aacute;o c&aacute;o t&igrave;nh h&igrave;nh triển khai ứng dụng CNTT trong giải quyết thủ tục h&agrave;nh ch&iacute;nh tại Bộ Y tế; Ứng dụng CNTT tại Bệnh viện Đại học Y Dược tp. HCM; B&agrave;i học kinh nghiệm về ứng dụng CNTT trong kh&aacute;m bệnh chữa bệnh v&agrave; chuyển đổi số y tế tại Nhật Bản; C&aacute;c giải ph&aacute;p đảm bảo an to&agrave;n trong chuyển đổi số; Kết quả thực hiện chuyển đổi số v&agrave; kh&oacute; khăn, th&aacute;ch thức của ng&agrave;nh y tế tại Vĩnh Long; Hệ thống th&ocirc;ng tin quản l&yacute; ng&agrave;nh Y tế tại SYT Đồng Th&aacute;p; Giới thiệu về dịch vụ Google Cloud d&agrave;nh cho Y tế, c&aacute;c c&ocirc;ng nghệ API hỗ trợ Hồ sơ sức khoẻ điện tử (EHR) v&agrave; Hồ sơ sức khoẻ c&aacute; nh&acirc;n (PHR); Y tế số cho người d&acirc;n: Ứng dụng dữ liệu 4210 &ndash; Hồ sơ sức khoẻ c&aacute; nh&acirc;n &ndash; hồ sơ sức khoẻ điện tử trong chăm s&oacute;c người bệnh; X&acirc;y dựng kho dữ liệu y tế v&agrave; ứng dụng tr&iacute; tuệ nh&acirc;n tạo trong khai th&aacute;c dữ liệu&hellip;/.</h2>\r\n', '/chuyendoicongchung/e329bb54ba87f1a752f553f759f6ef1b.jpg', '2022-12-01');

-- Dumping structure for table ctpa_da.chuyenmucdiemtin
CREATE TABLE IF NOT EXISTS `chuyenmucdiemtin` (
  `ID_CHUYENMUC_DT` int(10) unsigned NOT NULL AUTO_INCREMENT,
  `TEN_CHUYENMUC_DT` varchar(255) NOT NULL,
  `created_at` timestamp NULL DEFAULT NULL,
  `updated_at` timestamp NULL DEFAULT NULL,
  PRIMARY KEY (`ID_CHUYENMUC_DT`)
) ENGINE=InnoDB AUTO_INCREMENT=3 DEFAULT CHARSET=utf8mb4 COLLATE=utf8mb4_unicode_ci;

-- Dumping data for table ctpa_da.chuyenmucdiemtin: ~2 rows (approximately)
INSERT INTO `chuyenmucdiemtin` (`ID_CHUYENMUC_DT`, `TEN_CHUYENMUC_DT`, `created_at`, `updated_at`) VALUES
	(1, 'Tin tức', NULL, NULL),
	(2, 'Sự kiện', NULL, NULL);

-- Dumping structure for table ctpa_da.chuyenmucphapluat
CREATE TABLE IF NOT EXISTS `chuyenmucphapluat` (
  `ID_CHUYENMUC_PL` int(10) unsigned NOT NULL AUTO_INCREMENT,
  `TEN_CHUYENMUC_PL` varchar(255) NOT NULL,
  `created_at` timestamp NULL DEFAULT current_timestamp() ON UPDATE current_timestamp(),
  `updated_at` timestamp NULL DEFAULT current_timestamp() ON UPDATE current_timestamp(),
  PRIMARY KEY (`ID_CHUYENMUC_PL`)
) ENGINE=InnoDB DEFAULT CHARSET=utf8mb4 COLLATE=utf8mb4_unicode_ci;

-- Dumping data for table ctpa_da.chuyenmucphapluat: ~0 rows (approximately)

-- Dumping structure for table ctpa_da.chuyenmucthuvien
CREATE TABLE IF NOT EXISTS `chuyenmucthuvien` (
  `ID_CHUYENMUC_TV` int(10) unsigned NOT NULL AUTO_INCREMENT,
  `TEN_CHUYENMUC_TV` varchar(255) NOT NULL,
  `created_at` timestamp NULL DEFAULT NULL,
  `updated_at` timestamp NULL DEFAULT NULL,
  PRIMARY KEY (`ID_CHUYENMUC_TV`)
) ENGINE=InnoDB AUTO_INCREMENT=3 DEFAULT CHARSET=utf8mb4 COLLATE=utf8mb4_unicode_ci;

-- Dumping data for table ctpa_da.chuyenmucthuvien: ~2 rows (approximately)
INSERT INTO `chuyenmucthuvien` (`ID_CHUYENMUC_TV`, `TEN_CHUYENMUC_TV`, `created_at`, `updated_at`) VALUES
	(1, 'Ảnh', '0000-00-00 00:00:00', '0000-00-00 00:00:00'),
	(2, 'Video', '0000-00-00 00:00:00', '0000-00-00 00:00:00');

-- Dumping structure for table ctpa_da.chuyenmucvanban
CREATE TABLE IF NOT EXISTS `chuyenmucvanban` (
  `ID_CHUYENMUC_VB` int(10) unsigned NOT NULL AUTO_INCREMENT,
  `TEN_CHUYENMUC_VB` varchar(255) NOT NULL,
  `created_at` timestamp NULL DEFAULT NULL,
  `updated_at` timestamp NULL DEFAULT NULL,
  PRIMARY KEY (`ID_CHUYENMUC_VB`)
) ENGINE=InnoDB AUTO_INCREMENT=4 DEFAULT CHARSET=utf8mb4 COLLATE=utf8mb4_unicode_ci;

-- Dumping data for table ctpa_da.chuyenmucvanban: ~3 rows (approximately)
INSERT INTO `chuyenmucvanban` (`ID_CHUYENMUC_VB`, `TEN_CHUYENMUC_VB`, `created_at`, `updated_at`) VALUES
	(1, 'Mẫu đơn', NULL, NULL),
	(2, 'Hướng dẫn', NULL, NULL),
	(3, 'Văn bản', NULL, NULL);

-- Dumping structure for table ctpa_da.diemtin
CREATE TABLE IF NOT EXISTS `diemtin` (
  `ID_DT` int(10) unsigned NOT NULL AUTO_INCREMENT,
  `ID_CHUYENMUC_DT` int(11) NOT NULL,
  `ID_ADMIN` int(11) NOT NULL,
  `TIEUDE_DT` varchar(255) NOT NULL,
  `NOIDUNG_DT` text NOT NULL,
  `HINHANH_DT` varchar(255) NOT NULL,
  `NGAYDANG_DT` date NOT NULL,
  `created_at` timestamp NULL DEFAULT NULL,
  `updated_at` timestamp NULL DEFAULT NULL,
  PRIMARY KEY (`ID_DT`)
) ENGINE=InnoDB AUTO_INCREMENT=22 DEFAULT CHARSET=utf8mb4 COLLATE=utf8mb4_unicode_ci;

-- Dumping data for table ctpa_da.diemtin: ~4 rows (approximately)
INSERT INTO `diemtin` (`ID_DT`, `ID_CHUYENMUC_DT`, `ID_ADMIN`, `TIEUDE_DT`, `NOIDUNG_DT`, `HINHANH_DT`, `NGAYDANG_DT`, `created_at`, `updated_at`) VALUES
	(18, 1, 0, 'Tác hại của thuốc lá điện tử và thuốc lá nung nóng đối với sức khỏe', '<p><span style="font-size:14px"><span style="color:#666565"><span style="font-family:Verdana,Arial,Helvetica,sans-serif"><span style="background-color:#ffffff">C&aacute;c sản phẩm thuốc l&aacute; mới hiện được c&aacute;c c&ocirc;ng ty thuốc l&aacute; giới thiệu l&agrave; một sản phẩm &iacute;t hại hơn so với thuốc l&aacute; điếu th&ocirc;ng thường. Tuy nhi&ecirc;n, đ&acirc;y chỉ l&agrave; c&aacute;c quảng c&aacute;o nhằm g&acirc;y nhầm lẫn. C&aacute;c bằng chứng đến thời điểm hiện tại cho thấy cả thuốc l&aacute; điện tử ENDs v&agrave; thuốc l&aacute; nung n&oacute;ng HTPs đều c&oacute; chứa c&aacute;c th&agrave;nh phần độc hại, khi sử dụng đều c&oacute; sự đốt ch&aacute;y v&agrave; c&oacute; kh&oacute;i, hơi tỏa ra m&ocirc;i trường g&acirc;y hại cho người xung quanh.</span></span></span></span></p>\r\n\r\n<p><span style="font-size:14px"><span style="color:#666565"><span style="font-family:Verdana,Arial,Helvetica,sans-serif"><span style="background-color:#ffffff"><strong>T&aacute;c hại của thuốc l&aacute; điện tử</strong></span></span></span></span></p>\r\n\r\n<p><span style="font-size:14px"><span style="color:#666565"><span style="font-family:Verdana,Arial,Helvetica,sans-serif"><span style="background-color:#ffffff">- Thuốc l&aacute; điện tử chứa nhiều chất độc hại, g&acirc;y nghiện, g&acirc;y bệnh tật, tử vong. Theo Li&ecirc;n minh Kiểm so&aacute;t thuốc l&aacute; Đ&ocirc;ng Nam &Aacute; (SEATCA) đa phần thuốc l&aacute; điện tử c&oacute; chứa Nicotine - chất g&acirc;y nghiện cao, l&agrave; nguy&ecirc;n nh&acirc;n g&acirc;y c&aacute;c bệnh tim mạch, h&ocirc; hấp, ti&ecirc;u h&oacute;a, v&agrave; ung thư. Sử dụng nicotine qu&aacute; liều g&acirc;y ngộ độc. Nghiện nicotine l&agrave; một trong những nguy&ecirc;n nh&acirc;n g&acirc;y c&aacute;c bệnh tim mạch, đột quỵ</span></span></span></span></p>\r\n\r\n<p><span style="font-size:14px"><span style="color:#666565"><span style="font-family:Verdana,Arial,Helvetica,sans-serif"><span style="background-color:#ffffff">Đối với trẻ em v&agrave; phụ nữ mang thai: Nicotine trong thuốc l&aacute; điện tử g&acirc;y hại cho sự ph&aacute;t triển n&atilde;o bộ ở trẻ em v&igrave; n&atilde;o bộ của trẻ đang trong giai đoạn ph&aacute;t triển. Nicotine cũng ảnh hưởng xấu tới sức khỏe của b&agrave; mẹ v&agrave; thai nhi trong thai k&igrave;, g&acirc;y ra sinh non v&agrave; thai chết lưu.</span></span></span></span></p>\r\n\r\n<p><span style="font-size:14px"><span style="color:#666565"><span style="font-family:Verdana,Arial,Helvetica,sans-serif"><span style="background-color:#ffffff">Đối với thanh thiếu ni&ecirc;n: Những thay đổi do nicotine g&acirc;y ra trong hệ thần kinh trong n&atilde;o khiến người d&ugrave;ng ở nh&oacute;m tuổi trẻ dễ bị nghiện nicotine hơn v&agrave; v&igrave; thế ảnh hưởng đến sức khỏe sẽ đến sớm v&agrave; trầm trọng hơn trong tương lai.</span></span></span></span></p>\r\n\r\n<p><span style="font-size:14px"><span style="color:#666565"><span style="font-family:Verdana,Arial,Helvetica,sans-serif"><span style="background-color:#ffffff">- Trong dung dịch thuốc l&aacute; điện tử c&ograve;n c&oacute;: glycerin, propylene glycol v&agrave; hương liệu (c&oacute; tr&ecirc;n 15,500 c&aacute;c loại hương liệu). Propylene glycol (mặc d&ugrave; được coi l&agrave; an to&agrave;n trong thực phẩm nhưng kh&ocirc;ng phải để h&iacute;t) c&oacute; thể tạo th&agrave;nh propylene oxide, một chất g&acirc;y ung thư khi được đun n&oacute;ng v&agrave; h&oacute;a hơi. Glycerin/Glycerin gốc thực vật: khi được đun n&oacute;ng v&agrave; h&oacute;a hơi, tạo th&agrave;nh acrolein, g&acirc;y k&iacute;ch ứng đường h&ocirc; hấp tr&ecirc;n.</span></span></span></span></p>\r\n\r\n<p><span style="font-size:14px"><span style="color:#666565"><span style="font-family:Verdana,Arial,Helvetica,sans-serif"><span style="background-color:#ffffff">C&aacute;c chất độc hại trong thuốc l&aacute; điện tử c&ograve;n li&ecirc;n quan đến nhồi m&aacute;u cơ tim, g&acirc;y tổn thương phổi. Thời gian gần đ&acirc;y, số liệu từ c&aacute;c quốc gia cho thấy sử dụng thuốc l&aacute; điện tử g&acirc;y c&aacute;c ca vi&ecirc;m phổi cấp nguy kịch (39 ca tử vong); động kinh, c&aacute;c bệnh về răng miệng, ngộ độc (&gt;2.600 ca ở Mỹ, EU, Canada, Nam Triều Ti&ecirc;n); g&acirc;y tai nạn thương t&iacute;ch (c&aacute;c vụ nổ/bỏng, chấn thương, g&atilde;y xương chiếm tới 2.035 ca ở Mỹ giai đoạn 2015-2017, trong đ&oacute; c&oacute; 2 ca tử vong);...</span></span></span></span></p>\r\n\r\n<p><span style="font-size:14px"><span style="color:#666565"><span style="font-family:Verdana,Arial,Helvetica,sans-serif"><span style="background-color:#ffffff">- Thuốc l&aacute; điện tử tiện dụng với c&aacute;c ống dung dịch được đ&oacute;ng g&oacute;i cho h&agrave;ng trăm hơi h&uacute;t, hầu như kh&ocirc;ng c&oacute; định lượng về nồng độ nicotine trong mỗi ml. Điều n&agrave;y dẫn đến nguy cơ người sử dụng tăng liều lượng, mức độ dung nạp nicotine v&agrave; g&acirc;y nguy cơ ngộ độc cấp t&iacute;nh.</span></span></span></span></p>\r\n\r\n<p><span style="font-size:14px"><span style="color:#666565"><span style="font-family:Verdana,Arial,Helvetica,sans-serif"><span style="background-color:#ffffff">- Thuốc l&aacute; điện tử sử dụng nhiều hương liệu, h&oacute;a chất kh&ocirc;ng phải l&agrave; từ nguy&ecirc;n liệu l&aacute; thuốc l&aacute; điếu th&ocirc;ng thường. Nguy&ecirc;n liệu phối trộn nhiều loại th&agrave;nh phần kh&aacute;c nhau n&ecirc;n c&oacute; thể bị lợi dụng để sử dụng ma t&uacute;y th&ocirc;ng qua việc phối trộn. Tại Việt Nam, t&igrave;nh trạng tội phạm ma t&uacute;y trộn c&aacute;c loại ma t&uacute;y v&agrave;o c&aacute;c sản phẩm thuốc l&aacute; điện tử v&agrave; hướng v&agrave;o đối tượng học sinh, sinh vi&ecirc;n v&agrave; giới trẻ đang rất phức tạp v&agrave; một số vụ việc đ&atilde; được điều tra, ph&aacute;t hiện.</span></span></span></span></p>\r\n\r\n<p><span style="font-size:14px"><span style="color:#666565"><span style="font-family:Verdana,Arial,Helvetica,sans-serif"><span style="background-color:#ffffff"><strong>T&aacute;c hại của thuốc l&aacute; l&agrave;m n&oacute;ng:</strong></span></span></span></span></p>\r\n\r\n<p><span style="font-size:14px"><span style="color:#666565"><span style="font-family:Verdana,Arial,Helvetica,sans-serif"><span style="background-color:#ffffff">Tổ chức Y tế thế giới khuyến c&aacute;o: Thuốc l&aacute; l&agrave;m n&oacute;ng tạo ra chất kh&iacute; độc hại, c&oacute; nhiều chất độc giống như trong kh&oacute;i thuốc l&aacute; điếu th&ocirc;ng thường. D&ugrave; HTPs được nung ở nhiệt độ thấp hơn, nhưng vẫn tạo ra những h&oacute;a chất tương tự như trong kh&oacute;i thuốc l&aacute; (Acrolein, Volatile Organic Chemicals, Acetaldehyde, Carbon monoxide, Polycyclic Aromatic Hydrocarbons, Heavy metals, Formaldehyde... - một số h&oacute;a chất được xếp v&agrave;o nh&oacute;m g&acirc;y ung thư). Nồng độ một số h&oacute;a chất thấp hơn trong thuốc l&aacute; điếu th&ocirc;ng thường, nhưng nồng độ một số h&oacute;a chất kh&aacute;c lại cao hơn, v&agrave; nồng độ h&oacute;a chấp thấp kh&ocirc;ng đồng nghĩa với giảm nguy cơ sức khỏe.</span></span></span></span></p>\r\n\r\n<p><span style="font-size:14px"><span style="color:#666565"><span style="font-family:Verdana,Arial,Helvetica,sans-serif"><span style="background-color:#ffffff">Kh&oacute;i thuốc nung ngo&agrave;i g&acirc;y hại cho người h&uacute;t th&igrave; c&ograve;n g&acirc;y t&aacute;c hại cho người xung quanh do h&uacute;t thuốc thụ động. Thuốc l&aacute; l&agrave;m n&oacute;ng chứa nicotine l&agrave; chất g&acirc;y nghiện mạnh, c&oacute; hại cho sức khỏe, đặc biệt đối với trẻ em, vị th&agrave;nh ni&ecirc;n v&agrave; phụ nữ c&oacute; thai. Phơi nhiễm chất nitrosamines li&ecirc;n quan tới ung thư phổi, mũi, thực quản, gan, tuyến tụy v&agrave; cổ tử cung. Phơi nhiễm chất aldehydes như formaldehyde c&oacute; thể g&acirc;y ung thư phổi v&agrave; mũi, ngo&agrave;i việc khiến cho phổi dễ bị nhạy cảm trước c&aacute;c nhiễm khuẩn. Phơi nhiễm carbon monoxide l&agrave;m giảm việc cung cấp oxy tới tim l&agrave;m tăng nguy cơ g&acirc;y huyết khối, bệnh tim v&agrave; đột quỵ. Phơi nhiễm acrolein g&oacute;p phần l&agrave;m tăng mảng b&aacute;m trong mạch m&aacute;u cũng như tạo huyết khối, tăng nguy cơ tim mạch v&agrave; đột quỵ. Phơi nhiễm cũng g&acirc;y tổn hại khả năng chống vi&ecirc;m của phổi.</span></span></span></span></p>\r\n', '/diemtin/068c8cf27035bf3123ba8c4b09934e66.jpg', '2022-12-01', NULL, NULL),
	(19, 1, 0, 'Trung tâm Y tế quận Thốt Nốt kiểm tra kết quả thực hiện các chỉ số hoạt động của Trạm Y tế năm 2022', '<p><span style="font-size:14px"><span style="color:#666565"><span style="font-family:Verdana,Arial,Helvetica,sans-serif"><span style="background-color:#ffffff">Theo Quyết định số 167/QĐ-TTYTTN, ng&agrave;y 10/11/2022 của Trung t&acirc;m Y tế quận Thốt Nốt, từ ng&agrave;y 16/11 đến 18/11/2022, Trung t&acirc;m Y tế quận Thốt Nốt th&agrave;nh lập đo&agrave;n gi&aacute;m s&aacute;t hoạt động Trạm Y tế phường năm 2022 do BS.CKI Nguyễn Văn Lộc, Ph&oacute; Gi&aacute;m đốc Trung t&acirc;m Y tế l&agrave;m trưởng đo&agrave;n, c&aacute;c th&agrave;nh vi&ecirc;n tham gia gồm c&aacute;c trưởng, ph&oacute; khoa của Trung t&acirc;m Y tế, ph&uacute;c tra kết quả thực hiện c&aacute;c chỉ số hoạt động của 9 trạm y tế tr&ecirc;n địa b&agrave;n quận Thốt Nốt.</span></span></span></span></p>\r\n\r\n<p><span style="font-size:14px"><span style="color:#666565"><span style="font-family:Verdana,Arial,Helvetica,sans-serif"><span style="background-color:#ffffff">Qua ba ng&agrave;y l&agrave;m việc, đo&agrave;n ph&uacute;c tra đ&atilde; kiểm tra thực tế tại 09 Trạm Y tế. Đo&agrave;n đ&atilde; chấm điểm việc thực hiện c&aacute;c chỉ số hoạt động như: c&aacute;c chỉ số hoạt động về chuy&ecirc;n m&ocirc;n y tế: truyền th&ocirc;ng - gi&aacute;o dục sức khỏe; ph&ograve;ng, chống HIV/AIDS; vệ sinh m&ocirc;i trường v&agrave; an to&agrave;n thực phẩm; c&ocirc;ng t&aacute;c kh&aacute;m bệnh, chữa bệnh, phục hồi chức năng v&agrave; y học cổ truyền; chăm s&oacute;c sức khỏe b&agrave; mẹ - trẻ em; d&acirc;n số - kế hoạch h&oacute;a gia đ&igrave;nh&hellip; v&agrave; nh&acirc;n lực; cơ sở hạ tầng; trang thiết bị; t&agrave;i ch&iacute;nh; bảo hiểm y tế.</span></span></span></span></p>\r\n\r\n<p><span style="font-size:14px"><span style="color:#666565"><span style="font-family:Verdana,Arial,Helvetica,sans-serif"><span style="background-color:#ffffff">Qua đ&aacute;nh gi&aacute; của đo&agrave;n ph&uacute;c tra, hoạt động chăm s&oacute;c sức khỏe nh&acirc;n d&acirc;n được c&aacute;c địa phương quan t&acirc;m chỉ đạo t&iacute;ch cực. Cấp ủy v&agrave; UBND c&aacute;c phường c&oacute; quan t&acirc;m s&acirc;u sắc về c&ocirc;ng t&aacute;c y tế, c&oacute; đưa c&aacute;c chương tr&igrave;nh y tế v&agrave;o Nghị quyết của HĐND phường và Đảng ủy phường để hoạt động. Cơ sở vật chất một số trạm đ&atilde; xuống cấp, hiện đang x&acirc;y dựng mới trạm y tế phường Thuận Hưng v&agrave; chuẩn bị đầu năm 2023 khởi c&ocirc;ng trạm y tế phường Trung Nhứt v&agrave; n&acirc;ng cấp một số trạm cũ. Trang thiết bị, nh&acirc;n lực c&aacute;c Trạm Y tế c&ograve;n thiếu, c&ocirc;ng việc qu&aacute; tải so với nguồn nh&acirc;n lực hiện tại để thực hiện c&ocirc;ng t&aacute;c ph&ograve;ng chống dịch bệnh, kh&aacute;m chữa bệnh tại địa phương. B&ecirc;n cạnh đ&oacute;, c&aacute;c trạm cũng l&agrave;m tham mưu tốt với Cấp ủy, UBND phường, từ đ&oacute; c&aacute;c hoạt động đều đạt theo kế hoạch tr&ecirc;n giao. Tuy nhi&ecirc;n, về mặt kh&aacute;ch quan, tỷ lệ bệnh sốt xuất huyết - tay ch&acirc;n miệng c&ograve;n tăng cao so với c&ugrave;ng kỳ, m&ocirc; h&igrave;nh b&aacute;c sĩ gia đ&igrave;nh chưa cập nhật th&ocirc;ng tin đầy đủ v&agrave;o hồ sơ sức khỏe,&hellip;</span></span></span></span></p>\r\n\r\n<p><span style="font-size:14px"><span style="color:#666565"><span style="font-family:Verdana,Arial,Helvetica,sans-serif"><span style="background-color:#ffffff">Kết quả đo&agrave;n c&ocirc;ng t&aacute;c đ&atilde; đ&aacute;nh gi&aacute;, chấm điểm cả 09 Trạm Y tế thuộc Trung t&acirc;m Y tế quận Thốt Nốt, trong đ&oacute; Trạm Y tế phường T&acirc;n Lộc cao điểm nhất 94,9/100đ; phường Trung Ki&ecirc;n thấp điểm nhất 84,3đ; c&aacute;c trạm c&ograve;n lại đều tr&ecirc;n 90/100đ</span></span></span></span></p>\r\n', '/diemtin/f1636772e4062486004abde8de47b295.jpg', '2022-12-01', NULL, NULL),
	(20, 1, 0, 'THÔNG TIN BÁO CHÍ: HIỆU QUẢ CỦA CÔNG TÁC TIÊM CHỦNG, THỜI GIAN VÀ HIỆU LỰC CỦA VẮC XIN PHÒNG COVID-19', '<p><span style="font-size:14px"><span style="color:#666565"><span style="font-family:Verdana,Arial,Helvetica,sans-serif"><span style="background-color:#ffffff">Theo tổ chức y tế thế giới (WHO) những ng&agrave;y gần đ&acirc;y t&igrave;nh h&igrave;nh dịch COVID-19 c&oacute; diễn biến phức tạp tr&ecirc;n to&agrave;n cầu, số ca tử vong tăng khoảng 4% v&agrave; cảnh b&aacute;o c&oacute; nguy cơ sẽ trải qua l&agrave;n s&oacute;ng dịch mới.</span></span></span></span></p>\r\n\r\n<p><span style="font-size:14px"><span style="color:#666565"><span style="font-family:Verdana,Arial,Helvetica,sans-serif"><span style="background-color:#ffffff">C&aacute;c nghi&ecirc;n cứu tr&ecirc;n thế giới đ&atilde; ghi nhận hiệu quả bảo vệ của mũi ti&ecirc;m cơ bản vắc xin ph&ograve;ng COVID-19 giảm dần theo thời gian trong v&ograve;ng 6 th&aacute;ng sau khi ti&ecirc;m v&agrave; trong điều kiện xuất hiện c&aacute;c biến chủng mới. Do vậy, việc ti&ecirc;m vắc xin ph&ograve;ng COVID-19 tăng cường mũi 3, mũi 4 sẽ l&agrave;m tăng hiệu lực bảo vệ cơ thể trước nguy cơ mắc COVID-19. Đồng thời việc ti&ecirc;m kết hợp c&aacute;c loại vắc-xin ph&ograve;ng COVID-19 kh&aacute;c nhau được cho l&agrave; an to&agrave;n v&agrave; hiệu quả. Những người bị suy giảm miễn dịch ở mức độ trung b&igrave;nh hoặc nặng n&ecirc;n được ưu ti&ecirc;n ti&ecirc;m một liều bổ sung vắc-xin ph&ograve;ng COVID-19 sau 1 đến 3 th&aacute;ng.</span></span></span></span></p>\r\n\r\n<p><span style="font-size:14px"><span style="color:#666565"><span style="font-family:Verdana,Arial,Helvetica,sans-serif"><span style="background-color:#ffffff">Để tiếp tục duy tr&igrave; miễn dịch cộng đồng v&agrave; hạn chế thấp nhất c&aacute;c trường hợp mắc mới hoặc t&aacute;i nhiễm COVID-19. Ban Chỉ đạo ph&ograve;ng chống dịch COVID -19 th&agrave;nh phố Cần Thơ k&ecirc;u gọi mỗi người d&acirc;n, mỗi gia đ&igrave;nh c&ugrave;ng với ch&iacute;nh quyền địa phương v&agrave; c&aacute;c ban, ng&agrave;nh, đo&agrave;n thể tiếp tục hưởng ứng v&agrave; vận động mọi người c&ugrave;ng hưởng ứng chiến dịch ti&ecirc;m nhắc lại vắc xin COVID-19. Cụ thể:</span></span></span></span></p>\r\n\r\n<p><span style="font-size:14px"><span style="color:#666565"><span style="font-family:Verdana,Arial,Helvetica,sans-serif"><span style="background-color:#ffffff">1. H&atilde;y đưa trẻ từ 5 &ndash; 18 tuổi đến c&aacute;c điểm ti&ecirc;m tại c&aacute;c trường học hoặc c&aacute;c trạm y tế phường, x&atilde; để ti&ecirc;m mũi 1 (nếu chưa ti&ecirc;m) v&agrave; ti&ecirc;m mũi 2 (đối với những ch&aacute;u đ&atilde; ti&ecirc;m mũi 1 v&agrave; đến l&uacute;c ti&ecirc;m mũi 2).</span></span></span></span></p>\r\n\r\n<p><span style="font-size:14px"><span style="color:#666565"><span style="font-family:Verdana,Arial,Helvetica,sans-serif"><span style="background-color:#ffffff">2. Người d&acirc;n trong cộng đồng đ&atilde; ti&ecirc;m mũi 2 đến thời gian ti&ecirc;m mũi 3 v&agrave; người đ&atilde; ti&ecirc;m mũi 3 đến thời gian ti&ecirc;m mũi 4 h&atilde;y khẩn trương đến Trạm y tế gần nhất để được ti&ecirc;m nhắc lại.</span></span></span></span></p>\r\n\r\n<p><span style="font-size:14px"><span style="color:#666565"><span style="font-family:Verdana,Arial,Helvetica,sans-serif"><span style="background-color:#ffffff">3. Trường đại học, Cao đẳng, Trung cấp tr&ecirc;n địa b&agrave;n th&agrave;nh phố chủ động r&agrave; so&aacute;t đối tượng, phối hợp y tế thực hiện ti&ecirc;m tại trường hoặc c&aacute;c trạm y tế phường x&atilde; để ti&ecirc;m nhắc lại.</span></span></span></span></p>\r\n\r\n<p><span style="font-size:14px"><span style="color:#666565"><span style="font-family:Verdana,Arial,Helvetica,sans-serif"><span style="background-color:#ffffff">Ban Chỉ đạo ph&ograve;ng chống dịch Covid -19 th&agrave;nh phố Cần Thơ y&ecirc;u cầu trung t&acirc;m Y tế quận, huyện, Trạm y tế c&aacute;c phường, x&atilde; tr&ecirc;n địa b&agrave;n th&agrave;nh phố bố tr&iacute; nh&acirc;n nh&acirc;n lực thực hiện ti&ecirc;m vắc xin trong th&aacute;ng cao điểm của th&agrave;nh phố đảm bảo hiệu quả v&agrave; an to&agrave;n nhất./.</span></span></span></span></p>\r\n', '/diemtin/2a367cd4af63e0715ecb34a26ba7b06b.jpg', '2022-12-01', NULL, NULL),
	(21, 1, 1, 'Cập nhật tình hình dịch COVID-19 trên địa bàn thành phố Cần Thơ ngày 30 tháng 11 năm 2022', '<div style="text-align:justify">\r\n<p style="text-align:center"><strong>&nbsp;Cập nhật t&igrave;nh h&igrave;nh dịch COVID-19 tr&ecirc;n địa b&agrave;n th&agrave;nh phố Cần Thơ</strong></p>\r\n\r\n<p style="text-align:center"><em>&nbsp;</em><strong>ng&agrave;y 30 th&aacute;ng 11 năm 2022</strong></p>\r\n\r\n<table cellspacing="0">\r\n	<tbody>\r\n		<tr>\r\n			<td>\r\n			<p style="text-align:center">&nbsp;</p>\r\n			</td>\r\n			<td>\r\n			<p style="text-align:center">&nbsp;</p>\r\n			</td>\r\n			<td>\r\n			<p style="text-align:center">&nbsp;</p>\r\n			</td>\r\n		</tr>\r\n		<tr>\r\n			<td>\r\n			<p style="text-align:center"><strong>1.</strong></p>\r\n			</td>\r\n			<td>\r\n			<p style="text-align:center"><strong>Số khỏi trong ng&agrave;y:</strong></p>\r\n			</td>\r\n			<td>\r\n			<p style="text-align:center">11</p>\r\n			</td>\r\n		</tr>\r\n		<tr>\r\n			<td>\r\n			<p style="text-align:center"><strong>2.</strong></p>\r\n			</td>\r\n			<td>\r\n			<p style="text-align:center"><strong>Tử vong trong ng&agrave;y:</strong></p>\r\n			</td>\r\n			<td>\r\n			<p style="text-align:center">01</p>\r\n			</td>\r\n		</tr>\r\n		<tr>\r\n			<td>\r\n			<p style="text-align:center"><strong>3.</strong></p>\r\n			</td>\r\n			<td>\r\n			<p style="text-align:center"><strong>Số ca nhiễm mới trong ng&agrave;y:</strong></p>\r\n			</td>\r\n			<td>\r\n			<p style="text-align:center">00</p>\r\n			</td>\r\n		</tr>\r\n		<tr>\r\n			<td>\r\n			<p style="text-align:center"><strong>4.</strong></p>\r\n			</td>\r\n			<td>\r\n			<p style="text-align:center"><strong>Điều trị</strong></p>\r\n			</td>\r\n			<td>\r\n			<p style="text-align:center">&nbsp;</p>\r\n			</td>\r\n		</tr>\r\n		<tr>\r\n			<td>\r\n			<p style="text-align:center"><strong>&nbsp; </strong></p>\r\n			</td>\r\n			<td>\r\n			<p style="text-align:center">- F0 đang c&aacute;ch ly điều trị tại nh&agrave;</p>\r\n			</td>\r\n			<td>\r\n			<p style="text-align:center">06</p>\r\n			</td>\r\n		</tr>\r\n		<tr>\r\n			<td>\r\n			<p style="text-align:center">&nbsp;</p>\r\n			</td>\r\n			<td>\r\n			<p style="text-align:center">- F0 đang điều trị tại cơ sở y tế</p>\r\n			</td>\r\n			<td>\r\n			<p style="text-align:center">28</p>\r\n			</td>\r\n		</tr>\r\n		<tr>\r\n			<td>\r\n			<p style="text-align:center"><strong>5.</strong></p>\r\n			</td>\r\n			<td>\r\n			<p style="text-align:center"><strong>C&ocirc;ng t&aacute;c ti&ecirc;m chủng</strong></p>\r\n			</td>\r\n			<td>\r\n			<p style="text-align:center">&nbsp;</p>\r\n			</td>\r\n		</tr>\r\n		<tr>\r\n			<td>\r\n			<p style="text-align:center">&nbsp;</p>\r\n			</td>\r\n			<td>\r\n			<p style="text-align:center">- Số liều ti&ecirc;m trong ng&agrave;y</p>\r\n			</td>\r\n			<td>\r\n			<p style="text-align:center">2.197</p>\r\n			</td>\r\n		</tr>\r\n		<tr>\r\n			<td>\r\n			<p style="text-align:center">&nbsp;</p>\r\n			</td>\r\n			<td>\r\n			<p style="text-align:center">- Tổng số liều vắc xin đ&atilde; ti&ecirc;m</p>\r\n			</td>\r\n			<td>\r\n			<p style="text-align:center">3.562.553</p>\r\n			</td>\r\n		</tr>\r\n		<tr>\r\n			<td>\r\n			<p style="text-align:center">&nbsp;</p>\r\n			</td>\r\n			<td>\r\n			<p style="text-align:center">- Tỷ lệ % số mũi đ&atilde; ti&ecirc;m/được ph&acirc;n bổ</p>\r\n			</td>\r\n			<td>\r\n			<p style="text-align:center">104,2%</p>\r\n			</td>\r\n		</tr>\r\n	</tbody>\r\n</table>\r\n\r\n<p style="text-align:center">- Tỷ lệ ti&ecirc;m</p>\r\n\r\n<table align="center" cellspacing="0">\r\n	<tbody>\r\n		<tr>\r\n			<td>\r\n			<p style="text-align:center"><strong>Tỷ lệ %</strong></p>\r\n			</td>\r\n			<td>\r\n			<p style="text-align:center"><strong>&ge; 18 tuổi</strong></p>\r\n			</td>\r\n			<td>\r\n			<p style="text-align:center"><strong>12-17 tuổi</strong></p>\r\n			</td>\r\n			<td>\r\n			<p style="text-align:center"><strong>5-&lt;12 tuổi</strong></p>\r\n			</td>\r\n		</tr>\r\n		<tr>\r\n			<td>\r\n			<p style="text-align:center">Đ&atilde; ti&ecirc;m Mũi 1</p>\r\n			</td>\r\n			<td>\r\n			<p style="text-align:center">100</p>\r\n			</td>\r\n			<td>\r\n			<p style="text-align:center">100</p>\r\n			</td>\r\n			<td>\r\n			<p style="text-align:center">100</p>\r\n			</td>\r\n		</tr>\r\n		<tr>\r\n			<td>\r\n			<p style="text-align:center">Đ&atilde; ti&ecirc;m Mũi 2</p>\r\n			</td>\r\n			<td>\r\n			<p style="text-align:center">100</p>\r\n			</td>\r\n			<td>\r\n			<p style="text-align:center">100</p>\r\n			</td>\r\n			<td>\r\n			<p style="text-align:center">94,1</p>\r\n			</td>\r\n		</tr>\r\n		<tr>\r\n			<td>\r\n			<p style="text-align:center">Đ&atilde; ti&ecirc;m mũi nhắc lại lần 1</p>\r\n			</td>\r\n			<td>\r\n			<p style="text-align:center">74,8</p>\r\n			</td>\r\n			<td>\r\n			<p style="text-align:center">72,8</p>\r\n			</td>\r\n			<td>\r\n			<p style="text-align:center">&nbsp;</p>\r\n			</td>\r\n		</tr>\r\n		<tr>\r\n			<td>\r\n			<p style="text-align:center">Đ&atilde; ti&ecirc;m mũi nhắc lại lần 2</p>\r\n			</td>\r\n			<td>\r\n			<p style="text-align:center">82,8</p>\r\n			</td>\r\n			<td>\r\n			<p style="text-align:center">&nbsp;</p>\r\n			</td>\r\n			<td>\r\n			<p style="text-align:center">&nbsp;</p>\r\n			</td>\r\n		</tr>\r\n	</tbody>\r\n</table>\r\n\r\n<p style="text-align:center">&nbsp;</p>\r\n</div>\r\n', '/diemtin/3a0d281851a56526d9e258a7690b497f.jpg', '2022-12-07', NULL, NULL);

-- Dumping structure for table ctpa_da.hoivien
CREATE TABLE IF NOT EXISTS `hoivien` (
  `rowid` int(10) NOT NULL,
  `ID_HV` char(20) NOT NULL DEFAULT '0',
  `ID_ADMIN` int(11) NOT NULL,
  `TEN_HV` varchar(255) NOT NULL,
  `ANH_HV` varchar(255) NOT NULL,
  `VANPHONG_HV` varchar(255) NOT NULL,
  `ngaysinh` date NOT NULL,
  `vanbang` text NOT NULL,
  `diachi` varchar(255) NOT NULL,
  `dienthoai` varchar(20) NOT NULL,
  `email` varchar(50) NOT NULL,
  `soBHYT` varchar(50) NOT NULL DEFAULT '',
  `soBHXH` varchar(50) NOT NULL DEFAULT '',
  `nhommau` varchar(50) NOT NULL,
  `bmi` int(3) NOT NULL,
  `huyetap` varchar(255) NOT NULL,
  `diung` varchar(255) NOT NULL,
  `benhmantinh` varchar(255) NOT NULL,
  `created_at` timestamp NULL DEFAULT NULL,
  `updated_at` timestamp NULL DEFAULT NULL
) ENGINE=InnoDB DEFAULT CHARSET=utf8mb4 COLLATE=utf8mb4_unicode_ci;

-- Dumping data for table ctpa_da.hoivien: ~220 rows (approximately)
INSERT INTO `hoivien` (`rowid`, `ID_HV`, `ID_ADMIN`, `TEN_HV`, `ANH_HV`, `VANPHONG_HV`, `ngaysinh`, `vanbang`, `diachi`, `dienthoai`, `email`, `soBHYT`, `soBHXH`, `nhommau`, `bmi`, `huyetap`, `diung`, `benhmantinh`, `created_at`, `updated_at`) VALUES
	(260, '1801230001', 0, 'Nguyễn Thị Chi A', '', '', '0000-00-00', 'Dược sĩ Chuyên khoa 1', '', '', '', '', '', '', 0, '', '', '', '2023-02-11 02:46:54', '2023-02-11 02:46:54'),
	(261, '1801230002', 0, 'Hà Thị Vân Anh', '', '', '0000-00-00', 'Dược sĩ Đại học', '', '', '', '', '', '', 0, '', '', '', '2023-02-11 02:46:54', '2023-02-11 02:46:54'),
	(262, '1801230003', 0, 'Dương Văn Hoàng Anh', '', '', '0000-00-00', 'Dược sĩ Đại học', '', '', '', '', '', '', 0, '', '', '', '2023-02-11 02:46:54', '2023-02-11 02:46:54'),
	(263, '1801230004', 0, 'Phùng Thị Vân Anh', '', '', '0000-00-00', 'Dược sĩ Đại học', '', '', '', '', '', '', 0, '', '', '', '2023-02-11 02:46:54', '2023-02-11 02:46:54'),
	(264, '1801230005', 0, 'Nguyễn Huỳnh Trâm Anh', '', '', '0000-00-00', 'Dược sĩ Đại học', '', '', '', '', '', '', 0, '', '', '', '2023-02-11 02:46:54', '2023-02-11 02:46:54'),
	(265, '1801230006', 0, 'Nguyễn Thị Hồng Ánh', '', '', '0000-00-00', 'Dược sĩ Đại học', '', '', '', '', '', '', 0, '', '', '', '2023-02-11 02:46:54', '2023-02-11 02:46:54'),
	(266, '1801230007', 0, 'Ngô Thị Phương Ánh', '', '', '0000-00-00', 'Dược sĩ Đại học', '', '', '', '', '', '', 0, '', '', '', '2023-02-11 02:46:54', '2023-02-11 02:46:54'),
	(267, '1801230008', 0, 'Trần Văn Bắc', '', '', '0000-00-00', 'Dược sĩ Chuyên khoa 1', '', '', '', '', '', '', 0, '', '', '', '2023-02-11 02:46:54', '2023-02-11 02:46:54'),
	(268, '1801230009', 0, 'Vũ Thị Bình', '', '', '0000-00-00', 'Dược sĩ Chuyên khoa 1', '', '', '', '', '', '', 0, '', '', '', '2023-02-11 02:46:54', '2023-02-11 02:46:54'),
	(269, '1801230010', 0, 'Dương Xuân Chữ', '', '', '0000-00-00', 'PSG.TS Dược sĩ', '', '', '', '', '', '', 0, '', '', '', '2023-02-11 02:46:54', '2023-02-11 02:46:54'),
	(270, '1801230011', 0, 'Võ Quốc Chương', '', '', '0000-00-00', 'Dược sĩ Đại học', '', '', '', '', '', '', 0, '', '', '', '2023-02-11 02:46:54', '2023-02-11 02:46:54'),
	(271, '1801230012', 0, 'Nguyễn Văn Công', '', '', '0000-00-00', 'Dược sĩ Chuyên khoa 1', '', '', '', '', '', '', 0, '', '', '', '2023-02-11 02:46:54', '2023-02-11 02:46:54'),
	(272, '1801230013', 0, 'Nguyễn Mạnh Cường', '', '', '0000-00-00', 'Dược sĩ Trung học', '', '', '', '', '', '', 0, '', '', '', '2023-02-11 02:46:54', '2023-02-11 02:46:54'),
	(273, '1801230014', 0, 'Phạm Thị Như Đài', '', '', '0000-00-00', 'Dược sĩ Đại học', '', '', '', '', '', '', 0, '', '', '', '2023-02-11 02:46:54', '2023-02-11 02:46:54'),
	(274, '1801230015', 0, 'Hồ Hải Đăng', '', '', '0000-00-00', 'Dược sĩ Đại học', '', '', '', '', '', '', 0, '', '', '', '2023-02-11 02:46:54', '2023-02-11 02:46:54'),
	(275, '1801230016', 0, 'Đoàn Trúc Đào', '', '', '0000-00-00', 'Dược sĩ Đại học', '', '', '', '', '', '', 0, '', '', '', '2023-02-11 02:46:54', '2023-02-11 02:46:54'),
	(276, '1801230017', 0, 'Nguyễn Thành Đạt', '', '', '0000-00-00', 'Dược sĩ Trung học', '', '', '', '', '', '', 0, '', '', '', '2023-02-11 02:46:54', '2023-02-11 02:46:54'),
	(277, '1801230018', 0, 'Lý Ngọc Diễm', '', '', '0000-00-00', 'Dược sĩ Cao Đẳng', '', '', '', '', '', '', 0, '', '', '', '2023-02-11 02:46:54', '2023-02-11 02:46:54'),
	(278, '1801230019', 0, 'Vũ Kiều Diễm', '', '', '0000-00-00', 'Dược sĩ Đại học', '', '', '', '', '', '', 0, '', '', '', '2023-02-11 02:46:54', '2023-02-11 02:46:54'),
	(279, '1801230021', 0, 'Lê Văn Điền', '', '', '0000-00-00', 'Thạc sĩ  Dược sĩ', '', '', '', '', '', '', 0, '', '', '', '2023-02-11 02:46:54', '2023-02-11 02:46:54'),
	(280, '1801230022', 0, 'Vương Thành Đồng', '', '', '0000-00-00', 'Tiến sĩ Dược sĩ', '', '', '', '', '', '', 0, '', '', '', '2023-02-11 02:46:54', '2023-02-11 02:46:54'),
	(281, '1801230023', 0, 'Trần Phong Dũ', '', '', '0000-00-00', 'Dược sĩ Đại học', '', '', '', '', '', '', 0, '', '', '', '2023-02-11 02:46:54', '2023-02-11 02:46:54'),
	(282, '1801230025', 0, 'Lâm Quang Đức', '', '', '0000-00-00', 'Dược sĩ Đại học', '', '', '', '', '', '', 0, '', '', '', '2023-02-11 02:46:54', '2023-02-11 02:46:54'),
	(283, '1801230026', 0, 'Đặng Tiến Dũng', '', '', '0000-00-00', 'Dược sĩ Đại học', '', '', '', '', '', '', 0, '', '', '', '2023-02-11 02:46:54', '2023-02-11 02:46:54'),
	(284, '1801230027', 0, 'Nguyễn Việt Duy', '', '', '0000-00-00', 'Dược sĩ Đại học', '', '', '', '', '', '', 0, '', '', '', '2023-02-11 02:46:54', '2023-02-11 02:46:54'),
	(285, '1801230028', 0, 'Nguyễn Huỳnh Phước Duy', '', '', '0000-00-00', 'Dược sĩ Đại học', '', '', '', '', '', '', 0, '', '', '', '2023-02-11 02:46:54', '2023-02-11 02:46:54'),
	(286, '1801230029', 0, 'Thái Quốc Hiền Em', '', '', '0000-00-00', 'Dược sĩ Đại học', '', '', '', '', '', '', 0, '', '', '', '2023-02-11 02:46:54', '2023-02-11 02:46:54'),
	(287, '1801230030', 0, 'Huỳnh Ngọc Hương Giang', '', '', '0000-00-00', 'Dược sĩ Đại học', '', '', '', '', '', '', 0, '', '', '', '2023-02-11 02:46:54', '2023-02-11 02:46:54'),
	(288, '1801230031', 0, 'Nguyễn Thị Ngọc Hà', '', '', '0000-00-00', 'Dược sĩ Đại học', '', '', '', '', '', '', 0, '', '', '', '2023-02-11 02:46:54', '2023-02-11 02:46:54'),
	(289, '1801230032', 0, 'Vũ Thị Huỳnh Hân', '', '', '0000-00-00', 'Tiến sĩ Dược sĩ', '', '', '', '', '', '', 0, '', '', '', '2023-02-11 02:46:54', '2023-02-11 02:46:54'),
	(290, '1801230033', 0, 'Lê Ngọc Hân', '', '', '0000-00-00', 'Dược sĩ Trung học', '', '', '', '', '', '', 0, '', '', '', '2023-02-11 02:46:54', '2023-02-11 02:46:54'),
	(291, '1801230034', 0, 'Võ Thuý Hằng', '', '', '0000-00-00', 'Dược sĩ Đại học', '', '', '', '', '', '', 0, '', '', '', '2023-02-11 02:46:54', '2023-02-11 02:46:54'),
	(292, '1801230035', 0, 'Nguyễn Thị Hạnh', '', '', '0000-00-00', 'Thạc sĩ  Dược sĩ', '', '', '', '', '', '', 0, '', '', '', '2023-02-11 02:46:54', '2023-02-11 02:46:54'),
	(293, '1801230036', 0, 'Phan Hùng Duy Hậu', '', '', '0000-00-00', 'Thạc sĩ  Dược sĩ', '', '', '', '', '', '', 0, '', '', '', '2023-02-11 02:46:54', '2023-02-11 02:46:54'),
	(294, '1801230037', 0, 'Nguyễn Thị Thu Hiền', '', '', '0000-00-00', 'Thạc sĩ  Dược sĩ', '', '', '', '', '', '', 0, '', '', '', '2023-02-11 02:46:54', '2023-02-11 02:46:54'),
	(295, '1801230038', 0, 'Võ Thị Ngọc Hiền', '', '', '0000-00-00', 'Dược sĩ Đại học', '', '', '', '', '', '', 0, '', '', '', '2023-02-11 02:46:54', '2023-02-11 02:46:54'),
	(296, '1801230039', 0, 'Trương Thị Hiền', '', '', '0000-00-00', 'Dược sĩ Đại học', '', '', '', '', '', '', 0, '', '', '', '2023-02-11 02:46:54', '2023-02-11 02:46:54'),
	(297, '1801230040', 0, 'Phạm Thị Hiếu', '', '', '0000-00-00', 'Dược sĩ Chuyên khoa 1', '', '', '', '', '', '', 0, '', '', '', '2023-02-11 02:46:54', '2023-02-11 02:46:54'),
	(298, '1801230041', 0, 'Lâm Thi Hồng Hoa', '', '', '0000-00-00', 'Dược sĩ Cao Đẳng', '', '', '', '', '', '', 0, '', '', '', '2023-02-11 02:46:54', '2023-02-11 02:46:54'),
	(299, '1801230042', 0, 'Võ Thị Kim Hồng', '', '', '0000-00-00', 'Dược sĩ Đại học', '', '', '', '', '', '', 0, '', '', '', '2023-02-11 02:46:54', '2023-02-11 02:46:54'),
	(300, '1801230043', 0, 'Diệp Bích Hương', '', '', '0000-00-00', 'Dược sĩ Chuyên khoa 1', '', '', '', '', '', '', 0, '', '', '', '2023-02-11 02:46:54', '2023-02-11 02:46:54'),
	(301, '1801230044', 0, 'Trần Văn Hữu', '', '', '0000-00-00', 'Dược sĩ Đại học', '', '', '', '', '', '', 0, '', '', '', '2023-02-11 02:46:54', '2023-02-11 02:46:54'),
	(302, '1801230045', 0, 'Nguyễn Thanh Huy', '', '', '0000-00-00', 'Dược sĩ Chuyên khoa 1', '', '', '', '', '', '', 0, '', '', '', '2023-02-11 02:46:54', '2023-02-11 02:46:54'),
	(303, '1801230046', 0, 'Trần Quốc Huy', '', '', '0000-00-00', 'Dược sĩ Đại học', '', '', '', '', '', '', 0, '', '', '', '2023-02-11 02:46:54', '2023-02-11 02:46:54'),
	(304, '1801230047', 0, 'Trần Đình Huy', '', '', '0000-00-00', 'Dược sĩ Đại học', '', '', '', '', '', '', 0, '', '', '', '2023-02-11 02:46:54', '2023-02-11 02:46:54'),
	(305, '1801230048', 0, 'Phan Thị Huyền', '', '', '0000-00-00', 'Dược sĩ Đại học', '', '', '', '', '', '', 0, '', '', '', '2023-02-11 02:46:54', '2023-02-11 02:46:54'),
	(306, '1801230050', 0, 'Ngô Thụy Thúy Huỳnh', '', '', '0000-00-00', 'Dược sĩ Đại học', '', '', '', '', '', '', 0, '', '', '', '2023-02-11 02:46:54', '2023-02-11 02:46:54'),
	(307, '1801230051', 0, 'Trần Văn Khanh', '', '', '0000-00-00', 'Dược sĩ Đại học', '', '', '', '', '', '', 0, '', '', '', '2023-02-11 02:46:54', '2023-02-11 02:46:54'),
	(308, '1801230052', 0, 'Lê Chí Khanh', '', '', '0000-00-00', 'Dược sĩ Đại học', '', '', '', '', '', '', 0, '', '', '', '2023-02-11 02:46:54', '2023-02-11 02:46:54'),
	(309, '1801230053', 0, 'Trần Văn Khuê', '', '', '0000-00-00', 'Dược sĩ Chuyên khoa 1', '', '', '', '', '', '', 0, '', '', '', '2023-02-11 02:46:54', '2023-02-11 02:46:54'),
	(310, '1801230054', 0, 'Huỳnh Thị Thu Khương', '', '', '0000-00-00', 'Dược sĩ Đại học', '', '', '', '', '', '', 0, '', '', '', '2023-02-11 02:46:54', '2023-02-11 02:46:54'),
	(311, '1801230055', 0, 'Lê Hồng Khuyên', '', '', '0000-00-00', 'Dược sĩ Chuyên khoa 1', '', '', '', '', '', '', 0, '', '', '', '2023-02-11 02:46:54', '2023-02-11 02:46:54'),
	(312, '1801230056', 0, 'Ngô Tấn Kiệt', '', '', '0000-00-00', 'Dược sĩ Đại học', '', '', '', '', '', '', 0, '', '', '', '2023-02-11 02:46:54', '2023-02-11 02:46:54'),
	(313, '1801230057', 0, 'Trần Thị Diễm Kiều', '', '', '0000-00-00', 'Dược sĩ Chuyên khoa 1', '', '', '', '', '', '', 0, '', '', '', '2023-02-11 02:46:54', '2023-02-11 02:46:54'),
	(314, '1801230058', 0, 'Ngô Thị Lan', '', '', '0000-00-00', 'Dược sĩ Đại học', '', '', '', '', '', '', 0, '', '', '', '2023-02-11 02:46:54', '2023-02-11 02:46:54'),
	(315, '1801230059', 0, 'Đặng Thị Cẩm Lệ', '', '', '0000-00-00', 'Thạc sĩ  Dược sĩ', '', '', '', '', '', '', 0, '', '', '', '2023-02-11 02:46:54', '2023-02-11 02:46:54'),
	(316, '1801230060', 0, 'Nguyễn Thị Cẩm Lình', '', '', '0000-00-00', 'Dược sĩ Trung học', '', '', '', '', '', '', 0, '', '', '', '2023-02-11 02:46:54', '2023-02-11 02:46:54'),
	(317, '1801230061', 0, 'Phạm Thị Kim Loan', '', '', '0000-00-00', 'Dược sĩ Đại học', '', '', '', '', '', '', 0, '', '', '', '2023-02-11 02:46:54', '2023-02-11 02:46:54'),
	(318, '1801230062', 0, 'Trương Thị Luyến', '', '', '0000-00-00', 'Dược sĩ Đại học', '', '', '', '', '', '', 0, '', '', '', '2023-02-11 02:46:54', '2023-02-11 02:46:54'),
	(319, '1801230063', 0, 'Nguyễn Thị Trúc Mai', '', '', '0000-00-00', 'Dược sĩ Đại học', '', '', '', '', '', '', 0, '', '', '', '2023-02-11 02:46:54', '2023-02-11 02:46:54'),
	(320, '1801230064', 0, 'Nguyễn Thị Phương Mai', '', '', '0000-00-00', 'Dược sĩ Đại học', '', '', '', '', '', '', 0, '', '', '', '2023-02-11 02:46:54', '2023-02-11 02:46:54'),
	(321, '1801230065', 0, 'Nguyễn Văn Minh', '', '', '0000-00-00', 'Dược sĩ Đại học', '', '', '', '', '', '', 0, '', '', '', '2023-02-11 02:46:54', '2023-02-11 02:46:54'),
	(322, '1801230066', 0, 'Trịnh Nhựt Minh', '', '', '0000-00-00', 'Thạc sĩ  Dược sĩ', '', '', '', '', '', '', 0, '', '', '', '2023-02-11 02:46:54', '2023-02-11 02:46:54'),
	(323, '1801230067', 0, 'Lương Thị Bé Mười', '', '', '0000-00-00', 'Dược sĩ Chuyên khoa 1', '', '', '', '', '', '', 0, '', '', '', '2023-02-11 02:46:54', '2023-02-11 02:46:54'),
	(324, '1801230068', 0, 'Nguyễn Phương Thảo My', '', '', '0000-00-00', 'Dược sĩ Đại học', '', '', '', '', '', '', 0, '', '', '', '2023-02-11 02:46:54', '2023-02-11 02:46:54'),
	(325, '1801230069', 0, 'Lê Thị Thùy Mỹ', '', '', '0000-00-00', 'Dược sĩ Đại học', '', '', '', '', '', '', 0, '', '', '', '2023-02-11 02:46:54', '2023-02-11 02:46:54'),
	(326, '1801230070', 0, 'Bùi Văn Nam', '', '', '0000-00-00', 'Dược sĩ Đại học', '', '', '', '', '', '', 0, '', '', '', '2023-02-11 02:46:54', '2023-02-11 02:46:54'),
	(327, '1801230071', 0, 'Võ Thị Nga', '', '', '0000-00-00', 'Dược sĩ Chuyên khoa 1', '', '', '', '', '', '', 0, '', '', '', '2023-02-11 02:46:54', '2023-02-11 02:46:54'),
	(328, '1801230072', 0, 'Phan Thị Hồng Nga', '', '', '0000-00-00', 'Dược sĩ Chuyên khoa 1', '', '', '', '', '', '', 0, '', '', '', '2023-02-11 02:46:54', '2023-02-11 02:46:54'),
	(329, '1801230073', 0, 'Nguyễn Thị Thúy Nga', '', '', '0000-00-00', 'Dược sĩ Đại học', '', '', '', '', '', '', 0, '', '', '', '2023-02-11 02:46:54', '2023-02-11 02:46:54'),
	(330, '1801230074', 0, 'Hùynh Thị Thu Nga', '', '', '0000-00-00', 'Dược sĩ Cao Đẳng', '', '', '', '', '', '', 0, '', '', '', '2023-02-11 02:46:54', '2023-02-11 02:46:54'),
	(331, '1801230075', 0, 'Trần Quốc Nghiã', '', '', '0000-00-00', 'Dược sĩ Đại học', '', '', '', '', '', '', 0, '', '', '', '2023-02-11 02:46:54', '2023-02-11 02:46:54'),
	(332, '1801230076', 0, 'Nguyễn Thành Nghiêm', '', '', '0000-00-00', 'Dược sĩ Đại học', '', '', '', '', '', '', 0, '', '', '', '2023-02-11 02:46:54', '2023-02-11 02:46:54'),
	(333, '1801230077', 0, 'Nguyễn Thị Mỹ Ngọc', '', '', '0000-00-00', 'Dược sĩ Chuyên khoa 1', '', '', '', '', '', '', 0, '', '', '', '2023-02-11 02:46:54', '2023-02-11 02:46:54'),
	(334, '1801230078', 0, 'Trương Thị Ngọc', '', '', '0000-00-00', 'Dược sĩ Đại học', '', '', '', '', '', '', 0, '', '', '', '2023-02-11 02:46:54', '2023-02-11 02:46:54'),
	(335, '1801230079', 0, 'Trì Kim Ngọc', '', '', '0000-00-00', 'Thạc sĩ  Dược sĩ', '', '', '', '', '', '', 0, '', '', '', '2023-02-11 02:46:54', '2023-02-11 02:46:54'),
	(336, '1801230080', 0, 'Lưu Kiến Nguyên', '', '', '0000-00-00', 'Dược sĩ Đại học', '', '', '', '', '', '', 0, '', '', '', '2023-02-11 02:46:54', '2023-02-11 02:46:54'),
	(337, '1801230081', 0, 'Nguyễn Thị Thanh Nguyên', '', '', '0000-00-00', 'Dược sĩ Đại học', '', '', '', '', '', '', 0, '', '', '', '2023-02-11 02:46:54', '2023-02-11 02:46:54'),
	(338, '1801230082', 0, 'Trần Thị Kim Nguyên', '', '', '0000-00-00', 'Dược sĩ Cao Đẳng', '', '', '', '', '', '', 0, '', '', '', '2023-02-11 02:46:54', '2023-02-11 02:46:54'),
	(339, '1801230083', 0, 'Lê Thị Thanh Nhàn', '', '', '0000-00-00', 'Dược sĩ Đại học', '', '', '', '', '', '', 0, '', '', '', '2023-02-11 02:46:54', '2023-02-11 02:46:54'),
	(340, '1801230084', 0, 'Hồ Thị Nhành', '', '', '0000-00-00', 'Dược sĩ Đại học', '', '', '', '', '', '', 0, '', '', '', '2023-02-11 02:46:54', '2023-02-11 02:46:54'),
	(341, '1801230085', 0, 'Nguyễn Thị Kim Nhiên', '', '', '0000-00-00', 'Dược sĩ Cao Đẳng', '', '', '', '', '', '', 0, '', '', '', '2023-02-11 02:46:54', '2023-02-11 02:46:54'),
	(342, '1801230086', 0, 'Chu Thuý Oanh', '', '', '0000-00-00', 'Dược sĩ Đại học', '', '', '', '', '', '', 0, '', '', '', '2023-02-11 02:46:54', '2023-02-11 02:46:54'),
	(343, '1801230087', 0, 'Nguyễn Thị Kim Pha', '', '', '0000-00-00', 'Dược sĩ Đại học', '', '', '', '', '', '', 0, '', '', '', '2023-02-11 02:46:54', '2023-02-11 02:46:54'),
	(344, '1801230088', 0, 'Phan Huy Phổ', '', '', '0000-00-00', 'Dược sĩ Đại học', '', '', '', '', '', '', 0, '', '', '', '2023-02-11 02:46:54', '2023-02-11 02:46:54'),
	(345, '1801230089', 0, 'Mai Quốc Phong', '', '', '0000-00-00', 'Dược sĩ Đại học', '', '', '', '', '', '', 0, '', '', '', '2023-02-11 02:46:54', '2023-02-11 02:46:54'),
	(346, '1801230090', 0, 'Lữ Thiện Phúc', '', '', '0000-00-00', 'Thạc sĩ  Dược sĩ', '', '', '', '', '', '', 0, '', '', '', '2023-02-11 02:46:54', '2023-02-11 02:46:54'),
	(347, '1801230091', 0, 'Lâm Tài Phước', '', '', '0000-00-00', 'Dược sĩ Cao Đẳng', '', '', '', '', '', '', 0, '', '', '', '2023-02-11 02:46:54', '2023-02-11 02:46:54'),
	(348, '1801230092', 0, 'Phan Thị Thu Phương', '', '', '0000-00-00', 'Dược sĩ Đại học', '', '', '', '', '', '', 0, '', '', '', '2023-02-11 02:46:54', '2023-02-11 02:46:54'),
	(349, '1801230093', 0, 'Hồ Minh Quang', '', '', '0000-00-00', 'Dược sĩ Đại học', '', '', '', '', '', '', 0, '', '', '', '2023-02-11 02:46:54', '2023-02-11 02:46:54'),
	(350, '1801230094', 0, 'Dương Thành Quang', '', '', '0000-00-00', 'Dược sĩ Đại học', '', '', '', '', '', '', 0, '', '', '', '2023-02-11 02:46:54', '2023-02-11 02:46:54'),
	(351, '1801230095', 0, 'Phạm Thành Suôl', '', '', '0000-00-00', 'PSG.TS Dược sĩ', '', '', '', '', '', '', 0, '', '', '', '2023-02-11 02:46:54', '2023-02-11 02:46:54'),
	(352, '1801230096', 0, 'Châu Ngọc Tâm', '', '', '0000-00-00', 'Dược sĩ Chuyên khoa 1', '', '', '', '', '', '', 0, '', '', '', '2023-02-11 02:46:54', '2023-02-11 02:46:54'),
	(353, '1801230097', 0, 'Nguyễn Huỳnh Dùng Tâm', '', '', '0000-00-00', 'Thạc sĩ  Dược sĩ', '', '', '', '', '', '', 0, '', '', '', '2023-02-11 02:46:54', '2023-02-11 02:46:54'),
	(354, '1801230098', 0, 'Ngô Thị Tồn Tâm', '', '', '0000-00-00', 'Dược sĩ Chuyên khoa 1', '', '', '', '', '', '', 0, '', '', '', '2023-02-11 02:46:54', '2023-02-11 02:46:54'),
	(355, '1801230099', 0, 'Hà Thành Tân', '', '', '0000-00-00', 'Dược sĩ Chuyên khoa 1', '', '', '', '', '', '', 0, '', '', '', '2023-02-11 02:46:54', '2023-02-11 02:46:54'),
	(356, '1801230100', 0, 'Nguyễn Thành Thái', '', '', '0000-00-00', 'Dược sĩ Đại học', '', '', '', '', '', '', 0, '', '', '', '2023-02-11 02:46:54', '2023-02-11 02:46:54'),
	(357, '1801230101', 0, 'Châu Thị Hồng Thái', '', '', '0000-00-00', 'Dược sĩ Đại học', '', '', '', '', '', '', 0, '', '', '', '2023-02-11 02:46:54', '2023-02-11 02:46:54'),
	(358, '1801230102', 0, 'Nguyễn Lê Thái', '', '', '0000-00-00', 'Dược sĩ Đại học', '', '', '', '', '', '', 0, '', '', '', '2023-02-11 02:46:54', '2023-02-11 02:46:54'),
	(359, '1801230103', 0, 'Nguyễn Ngọc Thắm', '', '', '0000-00-00', 'Dược sĩ Chuyên khoa 1', '', '', '', '', '', '', 0, '', '', '', '2023-02-11 02:46:54', '2023-02-11 02:46:54'),
	(360, '1801230104', 0, 'Trịnh Hoàng Thắng', '', '', '0000-00-00', 'Dược sĩ Đại học', '', '', '', '', '', '', 0, '', '', '', '2023-02-11 02:46:54', '2023-02-11 02:46:54'),
	(361, '1801230105', 0, 'Huỳnh Đan Thanh', '', '', '0000-00-00', 'Dược sĩ Đại học', '', '', '', '', '', '', 0, '', '', '', '2023-02-11 02:46:54', '2023-02-11 02:46:54'),
	(362, '1801230106', 0, 'Cao Thị Phương Thanh', '', '', '0000-00-00', 'Dược sĩ Đại học', '', '', '', '', '', '', 0, '', '', '', '2023-02-11 02:46:54', '2023-02-11 02:46:54'),
	(363, '1801230107', 0, 'Lý Vi Thanh', '', '', '0000-00-00', 'Dược sĩ Đại học', '', '', '', '', '', '', 0, '', '', '', '2023-02-11 02:46:54', '2023-02-11 02:46:54'),
	(364, '1801230108', 0, 'Trần Hữu Thạnh', '', '', '0000-00-00', 'Dược sĩ Trung học', '', '', '', '', '', '', 0, '', '', '', '2023-02-11 02:46:54', '2023-02-11 02:46:54'),
	(365, '1801230109', 0, 'Trần Ngọc Thảo', '', '', '0000-00-00', 'Dược sĩ Đại học', '', '', '', '', '', '', 0, '', '', '', '2023-02-11 02:46:54', '2023-02-11 02:46:54'),
	(366, '1801230110', 0, 'Trần Thị Mỹ Thảo', '', '', '0000-00-00', 'Dược sĩ Đại học', '', '', '', '', '', '', 0, '', '', '', '2023-02-11 02:46:54', '2023-02-11 02:46:54'),
	(367, '1801230111', 0, 'Huỳnh Thanh Thảo', '', '', '0000-00-00', 'Dược sĩ Đại học', '', '', '', '', '', '', 0, '', '', '', '2023-02-11 02:46:54', '2023-02-11 02:46:54'),
	(368, '1801230112', 0, 'Dương Đình Thể', '', '', '0000-00-00', 'Dược sĩ Đại học', '', '', '', '', '', '', 0, '', '', '', '2023-02-11 02:46:54', '2023-02-11 02:46:54'),
	(369, '1801230114', 0, 'Trần Thế Thiên', '', '', '0000-00-00', 'Dược sĩ Trung học', '', '', '', '', '', '', 0, '', '', '', '2023-02-11 02:46:54', '2023-02-11 02:46:54'),
	(370, '1801230115', 0, 'La Huỳnh Anh Thơ', '', '', '0000-00-00', 'Dược sĩ Cao Đẳng', '', '', '', '', '', '', 0, '', '', '', '2023-02-11 02:46:54', '2023-02-11 02:46:54'),
	(371, '1801230116', 0, 'Đỗ Châu Minh Vĩnh Thọ', '', '', '0000-00-00', 'PSG.TS Dược sĩ', '', '', '', '', '', '', 0, '', '', '', '2023-02-11 02:46:54', '2023-02-11 02:46:54'),
	(372, '1801230117', 0, 'Nguyễn Thị Diễm Thu', '', '', '0000-00-00', 'Dược sĩ Chuyên khoa 1', '', '', '', '', '', '', 0, '', '', '', '2023-02-11 02:46:54', '2023-02-11 02:46:54'),
	(373, '1801230118', 0, 'Phan Thị Anh Thư', '', '', '0000-00-00', 'Dược sĩ Chuyên khoa 1', '', '', '', '', '', '', 0, '', '', '', '2023-02-11 02:46:54', '2023-02-11 02:46:54'),
	(374, '1801230119', 0, 'Huỳnh Thị Thanh Thuỷ', '', '', '0000-00-00', 'Thạc sĩ  Dược sĩ', '', '', '', '', '', '', 0, '', '', '', '2023-02-11 02:46:54', '2023-02-11 02:46:54'),
	(375, '1801230120', 0, 'Nguyễn Xuân Thủy', '', '', '0000-00-00', 'Dược sĩ Đại học', '', '', '', '', '', '', 0, '', '', '', '2023-02-11 02:46:54', '2023-02-11 02:46:54'),
	(376, '1801230121', 0, 'Trần Thế Thy', '', '', '0000-00-00', 'Dược sĩ Đại học', '', '', '', '', '', '', 0, '', '', '', '2023-02-11 02:46:54', '2023-02-11 02:46:54'),
	(377, '1801230122', 0, 'Phạm Ngọc Toàn', '', '', '0000-00-00', 'Dược sĩ Đại học', '', '', '', '', '', '', 0, '', '', '', '2023-02-11 02:46:54', '2023-02-11 02:46:54'),
	(378, '1801230123', 0, 'Nguyễn Thị Thanh Trà', '', '', '0000-00-00', 'Dược sĩ Đại học', '', '', '', '', '', '', 0, '', '', '', '2023-02-11 02:46:54', '2023-02-11 02:46:54'),
	(379, '1801230124', 0, 'Lê Thị Tú Trâm', '', '', '0000-00-00', 'Dược sĩ Đại học', '', '', '', '', '', '', 0, '', '', '', '2023-02-11 02:46:54', '2023-02-11 02:46:54'),
	(380, '1801230125', 0, 'Huỳnh Tú Trâm', '', '', '0000-00-00', 'Dược sĩ Đại học', '', '', '', '', '', '', 0, '', '', '', '2023-02-11 02:46:54', '2023-02-11 02:46:54'),
	(381, '1801230126', 0, 'Trần Ngọc Trân', '', '', '0000-00-00', 'Dược sĩ Đại học', '', '', '', '', '', '', 0, '', '', '', '2023-02-11 02:46:54', '2023-02-11 02:46:54'),
	(382, '1801230127', 0, 'Võ Thị Thu Trang', '', '', '0000-00-00', 'Dược sĩ Chuyên khoa 1', '', '', '', '', '', '', 0, '', '', '', '2023-02-11 02:46:54', '2023-02-11 02:46:54'),
	(383, '1801230128', 0, 'Nguyễn Thị Kiều Trang', '', '', '0000-00-00', 'Dược sĩ Đại học', '', '', '', '', '', '', 0, '', '', '', '2023-02-11 02:46:54', '2023-02-11 02:46:54'),
	(384, '1801230129', 0, 'Lê Thị Kim Triều', '', '', '0000-00-00', 'Dược sĩ Trung học', '', '', '', '', '', '', 0, '', '', '', '2023-02-11 02:46:54', '2023-02-11 02:46:54'),
	(385, '1801230130', 0, 'Phạm Thành Trọng', '', '', '0000-00-00', 'Thạc sĩ  Dược sĩ', '', '', '', '', '', '', 0, '', '', '', '2023-02-11 02:46:54', '2023-02-11 02:46:54'),
	(386, '1801230131', 0, 'Đoàn Thanh Trúc', '', '', '0000-00-00', 'Thạc sĩ  Dược sĩ', '', '', '', '', '', '', 0, '', '', '', '2023-02-11 02:46:54', '2023-02-11 02:46:54'),
	(387, '1801230132', 0, 'Nguyễn Thành Trung', '', '', '0000-00-00', 'Dược sĩ Cao Đẳng', '', '', '', '', '', '', 0, '', '', '', '2023-02-11 02:46:54', '2023-02-11 02:46:54'),
	(388, '1801230133', 0, 'Nguyễn Vũ Minh Trường', '', '', '0000-00-00', 'Dược sĩ Đại học', '', '', '', '', '', '', 0, '', '', '', '2023-02-11 02:46:54', '2023-02-11 02:46:54'),
	(389, '1801230134', 0, 'Nguyễn Văn Tuấn', '', '', '0000-00-00', 'Dược sĩ Chuyên khoa 1', '', '', '', '', '', '', 0, '', '', '', '2023-02-11 02:46:54', '2023-02-11 02:46:54'),
	(390, '1801230135', 0, 'Nguyễn Anh Tuấn', '', '', '0000-00-00', 'Dược sĩ Đại học', '', '', '', '', '', '', 0, '', '', '', '2023-02-11 02:46:54', '2023-02-11 02:46:54'),
	(391, '1801230136', 0, 'Nguyễn Thanh Tùng', '', '', '0000-00-00', 'Dược sĩ Đại học', '', '', '', '', '', '', 0, '', '', '', '2023-02-11 02:46:54', '2023-02-11 02:46:54'),
	(392, '1801230137', 0, 'Nguyễn Thị Ngọc Vân', '', '', '0000-00-00', 'PSG.TS Dược sĩ', '', '', '', '', '', '', 0, '', '', '', '2023-02-11 02:46:54', '2023-02-11 02:46:54'),
	(393, '1801230138', 0, 'Võ Văn Văn', '', '', '0000-00-00', 'Dược sĩ Chuyên khoa 1', '', '', '', '', '', '', 0, '', '', '', '2023-02-11 02:46:54', '2023-02-11 02:46:54'),
	(394, '1801230139', 0, 'Phạm Đoan Vi', '', '', '0000-00-00', 'Dược sĩ Chuyên khoa 1', '', '', '', '', '', '', 0, '', '', '', '2023-02-11 02:46:54', '2023-02-11 02:46:54'),
	(395, '1801230140', 0, 'Ninh Bình Kỳ Vĩ', '', '', '0000-00-00', 'Dược sĩ Đại học', '', '', '', '', '', '', 0, '', '', '', '2023-02-11 02:46:54', '2023-02-11 02:46:54'),
	(396, '1801230141', 0, 'Trần Quốc Việt', '', '', '0000-00-00', 'Dược sĩ Đại học', '', '', '', '', '', '', 0, '', '', '', '2023-02-11 02:46:54', '2023-02-11 02:46:54'),
	(397, '1801230142', 0, 'Nguyễn Phúc Vinh', '', '', '0000-00-00', 'Dược sĩ Đại học', '', '', '', '', '', '', 0, '', '', '', '2023-02-11 02:46:54', '2023-02-11 02:46:54'),
	(398, '1801230143', 0, 'Phan Thế Vinh', '', '', '0000-00-00', 'Dược sĩ Đại học', '', '', '', '', '', '', 0, '', '', '', '2023-02-11 02:46:54', '2023-02-11 02:46:54'),
	(399, '1801230144', 0, 'Ngô Thụy Thúy Vy', '', '', '0000-00-00', 'Dược sĩ Trung học', '', '', '', '', '', '', 0, '', '', '', '2023-02-11 02:46:54', '2023-02-11 02:46:54'),
	(400, '1801230145', 0, 'Phan Khắc Xuân Vy', '', '', '0000-00-00', 'Dược sĩ Chuyên khoa 1', '', '', '', '', '', '', 0, '', '', '', '2023-02-11 02:46:54', '2023-02-11 02:46:54'),
	(401, '1801230146', 0, 'Bùi Ngọc Xuyến', '', '', '0000-00-00', 'Dược sĩ Đại học', '', '', '', '', '', '', 0, '', '', '', '2023-02-11 02:46:54', '2023-02-11 02:46:54'),
	(402, '1801230147', 0, 'Lương Thị Kim Yến', '', '', '0000-00-00', 'Dược sĩ Đại học', '', '', '', '', '', '', 0, '', '', '', '2023-02-11 02:46:54', '2023-02-11 02:46:54'),
	(403, '1801230148', 0, 'Huỳnh Thị Hồng Yến', '', '', '0000-00-00', 'Dược sĩ Chuyên khoa 1', '', '', '', '', '', '', 0, '', '', '', '2023-02-11 02:46:54', '2023-02-11 02:46:54'),
	(404, '2612221111', 0, 'Bùi Thị Bé Tám', '', '', '0000-00-00', 'Dược sĩ Chuyên khoa 1', '', '', '', '', '', '', 0, '', '', '', '2023-02-11 02:46:54', '2023-02-11 02:46:54'),
	(405, '2612221112', 0, 'Bùi Thiện Tin', '', '', '0000-00-00', 'Thạc sĩ  Dược sĩ', '', '', '', '', '', '', 0, '', '', '', '2023-02-11 02:46:54', '2023-02-11 02:46:54'),
	(406, '2612221114', 0, 'Cao Thị Ngọc Hà', '', '', '0000-00-00', 'Dược sĩ Đại học', '', '', '', '', '', '', 0, '', '', '', '2023-02-11 02:46:54', '2023-02-11 02:46:54'),
	(407, '2612221116', 0, 'Đặng Thế Hùng', '', '', '0000-00-00', 'Dược sĩ Đại học', '', '', '', '', '', '', 0, '', '', '', '2023-02-11 02:46:54', '2023-02-11 02:46:54'),
	(408, '2612221118', 0, 'Đỗ Văn Mãi', '', '', '0000-00-00', 'Tiến sĩ Dược sĩ', '', '', '', '', '', '', 0, '', '', '', '2023-02-11 02:46:54', '2023-02-11 02:46:54'),
	(409, '2612221119', 0, 'Dương Bá Linh', '', '', '0000-00-00', 'Dược sĩ Đại học', '', '', '', '', '', '', 0, '', '', '', '2023-02-11 02:46:54', '2023-02-11 02:46:54'),
	(410, '2612221120', 0, 'Hà Phú Cường', '', '', '0000-00-00', 'Dược sĩ Đại học', '', '', '', '', '', '', 0, '', '', '', '2023-02-11 02:46:54', '2023-02-11 02:46:54'),
	(411, '2612221121', 0, 'Hồ Phước Tính', '', '', '0000-00-00', 'Dược sĩ Đại học', '', '', '', '', '', '', 0, '', '', '', '2023-02-11 02:46:54', '2023-02-11 02:46:54'),
	(412, '2612221122', 0, 'Huỳnh Cương', '', '', '0000-00-00', 'Dược sĩ Đại học', '', '', '', '', '', '', 0, '', '', '', '2023-02-11 02:46:54', '2023-02-11 02:46:54'),
	(413, '2612221123', 0, 'Huỳnh Thị Diễm', '', '', '0000-00-00', 'Dược sĩ Đại học', '', '', '', '', '', '', 0, '', '', '', '2023-02-11 02:46:54', '2023-02-11 02:46:54'),
	(414, '2612221124', 0, 'Huỳnh Thị Kim Cương', '', '', '0000-00-00', 'Dược sĩ Đại học', '', '', '', '', '', '', 0, '', '', '', '2023-02-11 02:46:54', '2023-02-11 02:46:54'),
	(415, '2612221125', 0, 'Lâm Quang Khải', '', '', '0000-00-00', 'Dược sĩ Chuyên khoa 2', '', '', '', '', '', '', 0, '', '', '', '2023-02-11 02:46:54', '2023-02-11 02:46:54'),
	(416, '2612221127', 0, 'Lâm Thụy Đan Châu', '', '', '0000-00-00', 'Thạc sĩ  Dược sĩ', '', '', '', '', '', '', 0, '', '', '', '2023-02-11 02:46:54', '2023-02-11 02:46:54'),
	(417, '2612221128', 0, 'Lê Minh Đạt', '', '', '0000-00-00', 'Dược sĩ Chuyên khoa 1', '', '', '', '', '', '', 0, '', '', '', '2023-02-11 02:46:54', '2023-02-11 02:46:54'),
	(418, '2612221129', 0, 'Lê Ngọc Minh Hạnh', '', '', '0000-00-00', 'Dược sĩ Chuyên khoa 1', '', '', '', '', '', '', 0, '', '', '', '2023-02-11 02:46:54', '2023-02-11 02:46:54'),
	(419, '2612221130', 0, 'Lê Thanh Phong', '', '', '0000-00-00', 'Dược sĩ Chuyên khoa 2', '', '', '', '', '', '', 0, '', '', '', '2023-02-11 02:46:54', '2023-02-11 02:46:54'),
	(420, '2612221131', 0, 'Lê Thị Kim Chi', '', '', '0000-00-00', 'Dược sĩ Chuyên khoa 1', '', '', '', '', '', '', 0, '', '', '', '2023-02-11 02:46:54', '2023-02-11 02:46:54'),
	(421, '2612221132', 0, 'Lê Thị Mỹ Liên', '', '', '0000-00-00', 'Thạc sĩ  Dược sĩ', '', '', '', '', '', '', 0, '', '', '', '2023-02-11 02:46:54', '2023-02-11 02:46:54'),
	(422, '2612221133', 0, 'Lê Thị Ngọc Nga', '', '', '0000-00-00', 'Dược sĩ Chuyên khoa 1', '', '', '', '', '', '', 0, '', '', '', '2023-02-11 02:46:54', '2023-02-11 02:46:54'),
	(423, '2612221134', 0, 'Lê Xuân Trang', '', '', '0000-00-00', 'Dược sĩ Chuyên khoa 1', '', '', '', '', '', '', 0, '', '', '', '2023-02-11 02:46:54', '2023-02-11 02:46:54'),
	(424, '2612221136', 0, 'Lý Phát Tuấn Linh', '', '', '0000-00-00', 'Dược sĩ Chuyên khoa 1', '', '', '', '', '', '', 0, '', '', '', '2023-02-11 02:46:54', '2023-02-11 02:46:54'),
	(425, '2612221137', 0, 'Ngô Hoài Phương', '', '', '0000-00-00', 'Dược sĩ Đại học', '', '', '', '', '', '', 0, '', '', '', '2023-02-11 02:46:54', '2023-02-11 02:46:54'),
	(426, '2612221138', 0, 'Ngô Thị Phương Loan', '', '', '0000-00-00', 'Dược sĩ Chuyên khoa 1', '', '', '', '', '', '', 0, '', '', '', '2023-02-11 02:46:54', '2023-02-11 02:46:54'),
	(427, '2612221139', 0, 'Ngô Văn Phúc', '', '', '0000-00-00', 'Dược sĩ Chuyên khoa 1', '', '', '', '', '', '', 0, '', '', '', '2023-02-11 02:46:54', '2023-02-11 02:46:54'),
	(428, '2612221140', 0, 'Nguyễn Bích Lệ', '', '', '0000-00-00', 'Dược sĩ Đại học', '', '', '', '', '', '', 0, '', '', '', '2023-02-11 02:46:54', '2023-02-11 02:46:54'),
	(429, '2612221141', 0, 'Nguyễn Cao Trí', '', '', '0000-00-00', 'Dược sĩ Chuyên khoa 1', '', '', '', '', '', '', 0, '', '', '', '2023-02-11 02:46:54', '2023-02-11 02:46:54'),
	(430, '2612221142', 0, 'Nguyễn Hoàng Việt', '', '', '0000-00-00', 'Dược sĩ Chuyên khoa 2', '', '', '', '', '', '', 0, '', '', '', '2023-02-11 02:46:54', '2023-02-11 02:46:54'),
	(431, '2612221143', 0, 'Nguyễn Ngọc Chương', '', '', '0000-00-00', 'Dược sĩ Đại học', '', '', '', '', '', '', 0, '', '', '', '2023-02-11 02:46:54', '2023-02-11 02:46:54'),
	(432, '2612221144', 0, 'Nguyễn Ngọc Thể Trân', '', '', '0000-00-00', 'Thạc sĩ  Dược sĩ', '', '', '', '', '', '', 0, '', '', '', '2023-02-11 02:46:54', '2023-02-11 02:46:54'),
	(433, '2612221145', 0, 'Nguyễn Quý Đôn', '', '', '0000-00-00', 'Dược sĩ Chuyên khoa 1', '', '', '', '', '', '', 0, '', '', '', '2023-02-11 02:46:54', '2023-02-11 02:46:54'),
	(434, '2612221146', 0, 'Nguyễn Thị Anh Thư', '', '', '0000-00-00', 'Dược sĩ Đại học', '', '', '', '', '', '', 0, '', '', '', '2023-02-11 02:46:54', '2023-02-11 02:46:54'),
	(435, '2612221147', 0, 'Nguyễn Thị Hồng Loan', '', '', '0000-00-00', 'Dược sĩ Chuyên khoa 1', '', '', '', '', '', '', 0, '', '', '', '2023-02-11 02:46:54', '2023-02-11 02:46:54'),
	(436, '2612221148', 0, 'Nguyễn Thị Kim Thư', '', '', '0000-00-00', 'Dược sĩ Đại học', '', '', '', '', '', '', 0, '', '', '', '2023-02-11 02:46:54', '2023-02-11 02:46:54'),
	(437, '2612221149', 0, 'Nguyễn Thị Ngọc Diễm', '', '', '0000-00-00', 'Dược sĩ Đại học', '', '', '', '', '', '', 0, '', '', '', '2023-02-11 02:46:54', '2023-02-11 02:46:54'),
	(438, '2612221150', 0, 'Nguyễn Thị Ngọc Hương', '', '', '0000-00-00', 'Dược sĩ Đại học', '', '', '', '', '', '', 0, '', '', '', '2023-02-11 02:46:54', '2023-02-11 02:46:54'),
	(439, '2612221151', 0, 'Nguyễn Thị Ngọc Thủy', '', '', '0000-00-00', 'Dược sĩ Chuyên khoa 1', '', '', '', '', '', '', 0, '', '', '', '2023-02-11 02:46:54', '2023-02-11 02:46:54'),
	(440, '2612221152', 0, 'Nguyễn Thị Ngọc Trân', '', '', '0000-00-00', 'Dược sĩ Chuyên khoa 1', '', '', '', '', '', '', 0, '', '', '', '2023-02-11 02:46:54', '2023-02-11 02:46:54'),
	(441, '2612221153', 0, 'Nguyễn Thị Vẹn', '', '', '0000-00-00', 'Dược sĩ Đại học', '', '', '', '', '', '', 0, '', '', '', '2023-02-11 02:46:54', '2023-02-11 02:46:54'),
	(442, '2612221154', 0, 'Nguyễn Thuý Liễu', '', '', '0000-00-00', 'Dược sĩ Chuyên khoa 1', '', '', '', '', '', '', 0, '', '', '', '2023-02-11 02:46:54', '2023-02-11 02:46:54'),
	(443, '2612221155', 0, 'Nguyễn Trúc Tâm', '', '', '0000-00-00', 'Dược sĩ Đại học', '', '', '', '', '', '', 0, '', '', '', '2023-02-11 02:46:54', '2023-02-11 02:46:54'),
	(444, '2612221156', 0, 'Nguyễn Văn Ảnh', '', '', '0000-00-00', 'Dược sĩ Chuyên khoa 2', '', '', '', '', '', '', 0, '', '', '', '2023-02-11 02:46:54', '2023-02-11 02:46:54'),
	(445, '2612221157', 0, 'Nguyễn Văn Thành', '', '', '0000-00-00', 'Dược sĩ Chuyên khoa 1', '', '', '', '', '', '', 0, '', '', '', '2023-02-11 02:46:54', '2023-02-11 02:46:54'),
	(446, '2612221158', 0, 'Nguyễn Văn Vũ', '', '', '0000-00-00', 'Dược sĩ Đại học', '', '', '', '', '', '', 0, '', '', '', '2023-02-11 02:46:54', '2023-02-11 02:46:54'),
	(447, '2612221159', 0, 'Nguyễn Việt Thúy Quỳnh', '', '', '0000-00-00', 'Dược sĩ Đại học', '', '', '', '', '', '', 0, '', '', '', '2023-02-11 02:46:54', '2023-02-11 02:46:54'),
	(448, '2612221160', 0, 'Phạm Như Anh', '', '', '0000-00-00', 'Dược sĩ Đại học', '', '', '', '', '', '', 0, '', '', '', '2023-02-11 02:46:54', '2023-02-11 02:46:54'),
	(449, '2612221161', 0, 'Phạm Thanh Tuấn', '', '', '0000-00-00', 'Dược sĩ Chuyên khoa 2', '', '', '', '', '', '', 0, '', '', '', '2023-02-11 02:46:54', '2023-02-11 02:46:54'),
	(450, '2612221162', 0, 'Phạm Thị Hoà Bình', '', '', '0000-00-00', 'Dược sĩ Chuyên khoa 1', '', '', '', '', '', '', 0, '', '', '', '2023-02-11 02:46:54', '2023-02-11 02:46:54'),
	(451, '2612221163', 0, 'Phạm Thị Phương Thảo', '', '', '0000-00-00', 'Dược sĩ Đại học', '', '', '', '', '', '', 0, '', '', '', '2023-02-11 02:46:54', '2023-02-11 02:46:54'),
	(452, '2612221164', 0, 'Phan Khắc Hoàng', '', '', '0000-00-00', 'Dược sĩ Chuyên khoa 2', '', '', '', '', '', '', 0, '', '', '', '2023-02-11 02:46:54', '2023-02-11 02:46:54'),
	(453, '2612221165', 0, 'Phan Quang Hiển', '', '', '0000-00-00', 'Dược sĩ Đại học', '', '', '', '', '', '', 0, '', '', '', '2023-02-11 02:46:54', '2023-02-11 02:46:54'),
	(454, '2612221166', 0, 'Phan Thị Thanh Thúy', '', '', '0000-00-00', 'Dược sĩ Đại học', '', '', '', '', '', '', 0, '', '', '', '2023-02-11 02:46:54', '2023-02-11 02:46:54'),
	(455, '2612221167', 0, 'Phan Thị Thu Hà', '', '', '0000-00-00', 'Dược sĩ Đại học', '', '', '', '', '', '', 0, '', '', '', '2023-02-11 02:46:54', '2023-02-11 02:46:54'),
	(456, '2612221169', 0, 'Phan Thị Thu Trúc', '', '', '0000-00-00', 'Dược sĩ Chuyên khoa 1', '', '', '', '', '', '', 0, '', '', '', '2023-02-11 02:46:54', '2023-02-11 02:46:54'),
	(457, '2612221170', 0, 'Phan Thị Trúc Phương', '', '', '0000-00-00', 'Dược sĩ Chuyên khoa 1', '', '', '', '', '', '', 0, '', '', '', '2023-02-11 02:46:54', '2023-02-11 02:46:54'),
	(458, '2612221171', 0, 'Thái Văn Chương', '', '', '0000-00-00', 'Dược sĩ Đại học', '', '', '', '', '', '', 0, '', '', '', '2023-02-11 02:46:54', '2023-02-11 02:46:54'),
	(459, '2612221172', 0, 'Tô Hải Bình', '', '', '0000-00-00', 'Dược sĩ Chuyên khoa 1', '', '', '', '', '', '', 0, '', '', '', '2023-02-11 02:46:54', '2023-02-11 02:46:54'),
	(460, '2612221173', 0, 'Trần Ngọc Trang', '', '', '0000-00-00', 'Dược sĩ Đại học', '', '', '', '', '', '', 0, '', '', '', '2023-02-11 02:46:54', '2023-02-11 02:46:54'),
	(461, '2612221174', 0, 'Trần Thị Kim Thanh', '', '', '0000-00-00', 'Dược sĩ Chuyên khoa 1', '', '', '', '', '', '', 0, '', '', '', '2023-02-11 02:46:54', '2023-02-11 02:46:54'),
	(462, '2612221175', 0, 'Trần Thị Thu Cúc', '', '', '0000-00-00', 'Dược sĩ Đại học', '', '', '', '', '', '', 0, '', '', '', '2023-02-11 02:46:54', '2023-02-11 02:46:54'),
	(463, '2612221179', 0, 'Vũ Thị Trinh', '', '', '0000-00-00', 'Dược sĩ Đại học', '', '', '', '', '', '', 0, '', '', '', '2023-02-11 02:46:54', '2023-02-11 02:46:54'),
	(464, '2612221180', 0, 'Lê Kim Cúc', '', '', '0000-00-00', 'Dược sĩ Đại học', '', '', '', '', '', '', 0, '', '', '', '2023-02-11 02:46:54', '2023-02-11 02:46:54'),
	(465, '2612221181', 0, 'Trần Tấn Phong', '', '', '0000-00-00', 'Dược sĩ Chuyên khoa 2', '', '', '', '', '', '', 0, '', '', '', '2023-02-11 02:46:54', '2023-02-11 02:46:54'),
	(466, '2612221182', 0, 'Triệu Thị Ngân Trâm', '', '', '0000-00-00', 'Dược sĩ Chuyên khoa 1', '', '', '', '', '', '', 0, '', '', '', '2023-02-11 02:46:54', '2023-02-11 02:46:54'),
	(467, '2612221183', 0, 'Dư Thị Mỹ Hường', '', '', '0000-00-00', 'Dược sĩ Đại học', '', '', '', '', '', '', 0, '', '', '', '2023-02-11 02:46:54', '2023-02-11 02:46:54'),
	(468, '2612221184', 0, 'Nguyễn Ngọc Hênh', '', '', '0000-00-00', 'Dược sĩ Chuyên khoa 1', '', '', '', '', '', '', 0, '', '', '', '2023-02-11 02:46:54', '2023-02-11 02:46:54'),
	(469, '2612221186', 0, 'Nguyễn Phúc Tường Ngự', '', '', '0000-00-00', 'Dược sĩ Đại học', '', '', '', '', '', '', 0, '', '', '', '2023-02-11 02:46:54', '2023-02-11 02:46:54'),
	(470, '2612221189', 0, 'Lê Thị Thanh Thảo', '', '', '0000-00-00', 'Dược sĩ Đại học', '', '', '', '', '', '', 0, '', '', '', '2023-02-11 02:46:54', '2023-02-11 02:46:54'),
	(471, '2612221190', 0, 'Trương Thị Bé Ba', '', '', '0000-00-00', 'Dược sĩ Đại học', '', '', '', '', '', '', 0, '', '', '', '2023-02-11 02:46:54', '2023-02-11 02:46:54'),
	(472, '2612221191', 0, 'Đinh Bảo Quốc', '', '', '0000-00-00', 'Dược sĩ Chuyên khoa 1', '', '', '', '', '', '', 0, '', '', '', '2023-02-11 02:46:54', '2023-02-11 02:46:54'),
	(473, '2612221192', 0, 'Tô Mỹ Trang', '', '', '0000-00-00', 'Thạc sĩ  Dược sĩ', '', '', '', '', '', '', 0, '', '', '', '2023-02-11 02:46:54', '2023-02-11 02:46:54'),
	(474, '2612221194', 0, 'Lê Ngọc Hà', '', '', '0000-00-00', 'Dược sĩ Chuyên khoa 1', '', '', '', '', '', '', 0, '', '', '', '2023-02-11 02:46:54', '2023-02-11 02:46:54'),
	(475, '2612221195', 0, 'Trương Thị Bích Ngân', '', '', '0000-00-00', 'Dược sĩ Chuyên khoa 1', '', '', '', '', '', '', 0, '', '', '', '2023-02-11 02:46:54', '2023-02-11 02:46:54'),
	(476, '2612221197', 0, 'Lê Ngọc Hằng', '', '', '0000-00-00', 'Dược sĩ Đại học', '', '', '', '', '', '', 0, '', '', '', '2023-02-11 02:46:54', '2023-02-11 02:46:54'),
	(477, '1502230001', 0, 'Nguyễn Ngọc Diệp', '', '', '0000-00-00', 'Dược sĩ Chuyên khoa 1', '', '', '', '', '', '', 0, '', '', '', '2023-02-11 02:46:54', '2023-02-11 02:46:54'),
	(477, '1502230002', 0, 'Trần Minh Luân', '', '', '0000-00-00', 'Dược sĩ Chuyên khoa 1', '', '', '', '', '', '', 0, '', '', '', '2023-02-11 02:46:54', '2023-02-11 02:46:54'),
	(477, '0802230001', 0, 'Vũ Thị Nhung', '', '', '0000-00-00', 'Dược sĩ Đại học', '', '', '', '', '', '', 0, '', '', '', '2023-02-11 02:46:54', '2023-02-11 02:46:54');

-- Dumping structure for table ctpa_da.khach
CREATE TABLE IF NOT EXISTS `khach` (
  `rowid` int(11) NOT NULL AUTO_INCREMENT,
  `id_khach` char(50) NOT NULL DEFAULT '',
  `email` varchar(255) NOT NULL,
  PRIMARY KEY (`rowid`) USING BTREE
) ENGINE=InnoDB AUTO_INCREMENT=4 DEFAULT CHARSET=utf8mb4 COLLATE=utf8mb4_general_ci;

-- Dumping data for table ctpa_da.khach: ~0 rows (approximately)
INSERT INTO `khach` (`rowid`, `id_khach`, `email`) VALUES
	(3, '', 'quachtanan1806@gmail.com');

-- Dumping structure for table ctpa_da.khachhang
CREATE TABLE IF NOT EXISTS `khachhang` (
  `id_khach` int(10) unsigned NOT NULL AUTO_INCREMENT,
  `msdv` int(10) NOT NULL,
  `tendv` varchar(255) NOT NULL,
  `msdn` int(10) NOT NULL,
  `msctv` int(10) NOT NULL,
  `ngay` date NOT NULL,
  `tenkh` varchar(255) NOT NULL,
  `dienthoai` varchar(255) NOT NULL,
  `diachi` varchar(255) NOT NULL,
  `trangthai` int(3) NOT NULL,
  `lydo` varchar(255) NOT NULL,
  `email` varchar(255) NOT NULL,
  `created_at` timestamp NULL DEFAULT NULL,
  `updated_at` timestamp NULL DEFAULT NULL,
  PRIMARY KEY (`id_khach`) USING BTREE
) ENGINE=InnoDB DEFAULT CHARSET=utf8mb4 COLLATE=utf8mb4_unicode_ci;

-- Dumping data for table ctpa_da.khachhang: ~0 rows (approximately)

-- Dumping structure for table ctpa_da.kienthucyduoc
CREATE TABLE IF NOT EXISTS `kienthucyduoc` (
  `ID_KTYD` int(11) NOT NULL AUTO_INCREMENT,
  `TIEUDE_KTYD` text NOT NULL,
  `NOIDUNG_KTYD` longtext NOT NULL,
  `HINHANH_KTYD` varchar(255) NOT NULL,
  `NGAYDANG_KTYD` date NOT NULL,
  `ID_ADMIN` int(11) NOT NULL,
  `created_at` timestamp NULL DEFAULT NULL,
  `updated_at` timestamp NULL DEFAULT NULL,
  PRIMARY KEY (`ID_KTYD`) USING BTREE
) ENGINE=InnoDB AUTO_INCREMENT=3 DEFAULT CHARSET=utf8mb4 COLLATE=utf8mb4_general_ci;

-- Dumping data for table ctpa_da.kienthucyduoc: ~2 rows (approximately)
INSERT INTO `kienthucyduoc` (`ID_KTYD`, `TIEUDE_KTYD`, `NOIDUNG_KTYD`, `HINHANH_KTYD`, `NGAYDANG_KTYD`, `ID_ADMIN`, `created_at`, `updated_at`) VALUES
	(1, 'Chia sẻ cách trị bệnh thường gặp vào mùa đông', '<p>Trẻ em v&agrave; người gi&agrave; đều l&agrave; những đối tượng dễ bị mắc c&aacute;c bệnh thường gặp v&agrave;o m&ugrave;a đ&ocirc;ng trong điều kiện thời tiết khắc nghiệt, độ ẩm kh&ocirc;ng kh&iacute; thấp n&ecirc;n thực hiện c&aacute;c biện ph&aacute;p ph&ograve;ng bệnh nhằm đảm bảo sức khỏe tốt nhất. Cụ thể như:</p>\r\n\r\n<ul>\r\n	<li>Đối với trẻ cần ti&ecirc;m vắc xin đầy đủ.</li>\r\n	<li>Ch&uacute; &yacute; giữ ấm cơ thể, đặc biệt ở b&agrave;n tay, b&agrave;n ch&acirc;n, ngực đầu, cổ khi thời tiết lạnh nhất l&agrave; khi ra ngo&agrave;i trời lạnh.</li>\r\n	<li>Hạn chế ra ngo&agrave;i trời lạnh khi đang c&oacute; những dấu hiệu của bệnh c&uacute;m, ti&ecirc;u chảy, h&ocirc; hấp, đặc biệt kh&ocirc;ng đến nơi đ&ocirc;ng người.</li>\r\n	<li>X&acirc;y dựng chế độ ăn uống đủ chất, đảm bảo sức khỏe</li>\r\n</ul>\r\n', '/kienthucyduoc/0a8d36692146505aa91475cdb0d4caef.jpg', '2022-12-13', 1, NULL, NULL),
	(2, 'Chấn thương sọ não và Chấn thương tuỷ sống cổ đồng thời sau tai nạn giao thông – Những điều cần lưu ý', '<p><strong><em>Khoa Ngoại Thần kinh &ndash; Bệnh viện Đại học Y Dược Huế</em></strong></p>\r\n\r\n<p><strong><em>T&oacute;m tắt:&nbsp;</em></strong><em>Chấn thương sọ n&atilde;o v&agrave; chấn thương cột sống cổ l&agrave; đa chấn thương thường gặp trong tai nạn giao th&ocirc;ng dẫn đến nhiều nguy cơ nếu kh&ocirc;ng được chẩn đo&aacute;n v&agrave; điều trị kịp thời. Việc nhận biết c&aacute;c tổn thương đ&ograve;i hỏi phải khai th&aacute;c tiền sử, bệnh sử cẩn thận, thăm kh&aacute;m l&acirc;m s&agrave;ng tỉ mỉ v&agrave; cho chỉ định ph&ugrave; hợp. Ch&uacute;ng t&ocirc;i b&aacute;o c&aacute;o trường hợp một bệnh nh&acirc;n nam 53 tuổi, v&agrave;o viện v&igrave; đa chấn thương sau khi ng&atilde; va đập đầu-mặt xuống đất sau tai nạn giao th&ocirc;ng g&acirc;y n&ecirc;n chấn thương sọ n&atilde;o k&egrave;m chấn thương cột sống cổ đồng thời, với c&aacute;c triệu chứng đau cổ lan xuống hai tay v&agrave; giảm cơ lực 2 tay tr&ecirc;n h&igrave;nh ảnh cắt lớp vi t&iacute;nh sọ n&atilde;o ghi nhận nhiều đường nứt c&aacute;c xương h&agrave;m mặt v&agrave; tụ m&aacute;u trong c&aacute;c xoang cạnh mũi, b&oacute;ng kh&iacute; nội sọ nhỏ, cộng hưởng từ cột sống cổ nhận thấy ph&ugrave; nề xương xốp th&acirc;n C3C4, tho&aacute;t vị đĩa đệm C3-C4 ch&egrave;n &eacute;p tủy cổ v&agrave; rễ C4, ph&igrave;nh lỗi đĩa đệm C5-C6, ch&egrave;n &eacute;p rễ C6 b&ecirc;n tr&aacute;i lỗ li&ecirc;n hợp.&nbsp;<strong>Mục ti&ecirc;u</strong>&nbsp;của b&agrave;i viết l&agrave; cung cấp c&aacute;i nh&igrave;n chung về chấn thương đồng thời sọ n&atilde;o-cột sống, c&aacute;c điểm ch&iacute;nh trong c&aacute;ch tiếp cận v&agrave; theo d&otilde;i bệnh nh&acirc;n bằng phương tiện th&iacute;ch hợp, qua đ&oacute; định hướng điều trị v&agrave; giảm bớt biến chứng sau n&agrave;y cho bệnh nh&acirc;n.</em></p>\r\n\r\n<p><strong><em>Từ kho&aacute;:</em></strong><em>&nbsp;Chấn thương sọ n&atilde;o v&agrave; chấn thương cột sống cổ, chấn thương sọ n&atilde;o, chấn thương cột sống cổ, đồng thời.</em></p>\r\n\r\n<p><strong>C&aacute;c từ viết tắt:&nbsp;</strong>CTSN = chấn thương sọ n&atilde;o; CTCS = chấn thương cột sống; CLVT = cắt lớp vi t&iacute;nh; CT =&nbsp;<a name="_Hlk96641453">computed tomography; GCS = Glasgow coma scale;&nbsp;</a>ASIA = American Spinal Injury Association; ACRM = American Congress of Rehabilitation Medicine; SCIWORA: Spinal cord injury without radiographic abnormality.</p>\r\n\r\n<p><strong>Traumatic Brain Injury Combined With</strong><strong>&nbsp;Cervical Spinal Cord Injury<br />\r\nAfter Traffic Accident &ndash; &ldquo;Things to Notice&rdquo;</strong></p>\r\n\r\n<p><strong>Abstract:</strong>&nbsp;Traumatic brain injury and cervical spinal cord injury are common injuries in traffic accidents, leading to many risks if not diagnosed and treated promptly. The identification of lesions requires taking history, careful history, meticulous clinical examination, and appropriate indications. We report the case of a 53-year-old male patient, admitted to the hospital with multiple injuries after a traffic accident causing traumatic brain injury with a concurrent cervical spinal cord injury, with symptoms of neck pain spreading to both arms and decreased muscle strength in both arms on computed tomography of the brain, many fissures of the maxillofacial bones and hematomas in the paranasal sinuses, small intracranial air bubbles. On MRI of the cervical spine, it was found that edema at C3-C4, C3-C4 disc herniation compresses cervical marrow, bulging disc at C5-C6, compressing the C6 root to the left of the foramen. The objective of the article is to provide a general overview of concurrent cranial-spinal trauma, key points in the approach, and follow-up of patients by appropriate means, thereby orienting treatment and reducing complications.</p>\r\n\r\n<p><strong><em>Keyword:</em></strong><em>&nbsp;Concomitant craniospinal injury, Traumatic brain injury combined with cervical</em><em>&nbsp;</em><em>spinal cord<em>&nbsp;</em>injury, Traumatic brain injury, Spinal cord injury, Head injury</em></p>\r\n\r\n<p><strong>1. Mở đầu</strong></p>\r\n\r\n<p><a name="_heading=h.gjdgxs"></a>N&atilde;o bộ v&agrave; tủy sống chi phối mọi hoạt động v&agrave; sinh h&oacute;a của cơ thể. Sự li&ecirc;n quan chặt chẽ về giải phẫu của sọ n&atilde;o v&agrave; cột sống c&oacute; thể dẫn đến chấn thương đồng thời cả 2 cơ quan n&agrave;y, để lại nhiều hậu quả nghi&ecirc;m trọng nếu kh&ocirc;ng can thiệp kịp thời [3].&nbsp; Chấn thương sọ n&atilde;o (CTSN) l&agrave; t&igrave;nh trạng tổn thương hộp sọ v&agrave; nhu m&ocirc; n&atilde;o gặp phổ biến trong tai nạn giao th&ocirc;ng, lao động v&agrave; sinh hoạt hằng ng&agrave;y [1]. Theo ước t&iacute;nh, CTSN ảnh hưởng đến 69 triệu người tr&ecirc;n thế giới mỗi năm [4]. Đ&acirc;y l&agrave; nguy&ecirc;n nh&acirc;n ch&iacute;nh g&acirc;y bệnh tật v&agrave; tử vong tr&ecirc;n thế giới n&oacute;i chung v&agrave; ở Việt Nam n&oacute;i ri&ecirc;ng. Đối với cột sống, lực t&aacute;c động c&oacute; thể g&acirc;y di lệch hay g&atilde;y xương đốt sống, tổn thương đến d&acirc;y chằng cột sống v&agrave; nặng nề hơn l&agrave; tổn thương tủy sống. CTCS c&oacute; thể g&acirc;y ra những thay đổi vĩnh viễn về vận động, cảm gi&aacute;c b&ecirc;n dưới vị tr&iacute; tổn thương [5]. Trong số những bệnh nh&acirc;n CTSN, tỉ lệ k&egrave;m theo CTCS cổ n&oacute;i ri&ecirc;ng l&agrave; 6,5% v&agrave; CTCS n&oacute;i chung l&agrave; 12,4% [6]. Tỷ lệ mắc CTSN ở những bệnh nh&acirc;n CTCS cổ l&agrave; 40,4%, so với ở nh&oacute;m CTCS n&oacute;i chung l&agrave; 32,5% [6]. CTCS c&oacute; thể để lại tổn thương thần kinh kh&ocirc;ng hồi phục, thậm ch&iacute; tử vong, đặc biệt l&agrave; CTCS cổ do tổn thương trung t&acirc;m h&ocirc; hấp tuần ho&agrave;n v&agrave; hệ lưới hoạt h&oacute;a thần kinh [7]. Thay đổi tri gi&aacute;c ở những bệnh nh&acirc;n CTSN vừa v&agrave; nặng l&agrave;m cho việc ph&aacute;t hiện tổn thương cột sống trở n&ecirc;n kh&oacute; khăn, cản trở việc chẩn đo&aacute;n v&agrave; điều trị kịp thời. Vậy n&ecirc;n, bệnh nh&acirc;n đồng mắc CTSN v&agrave; CTCS sẽ c&oacute; ti&ecirc;n lượng xấu hơn so với bệnh nh&acirc;n chấn thương sọ n&atilde;o hoặc cột sống đơn độc [6].</p>\r\n\r\n<p>Nguy&ecirc;n nh&acirc;n hay gặp nhất của CTSN v&agrave; CTCS cổ l&agrave; tai nạn giao th&ocirc;ng [1, 8]. Tỉ lệ CTSN v&agrave; CTCS cổ kết hợp hằng năm đ&atilde; tăng l&ecirc;n trong 50 năm trở lại đ&acirc;y [7]. Do đ&oacute;, cần c&oacute; một sự quan t&acirc;m đ&uacute;ng mực để ph&aacute;t hiện kịp thời c&aacute;c trường hợp chấn thương đồng thời sọ n&atilde;o-cột sống. Ở b&agrave;i viết n&agrave;y, ch&uacute;ng t&ocirc;i xin b&aacute;o c&aacute;o trường hợp bệnh nh&acirc;n nam 53 tuổi nghi ngờ CTSN k&egrave;m theo tổn thương cột sống cổ do tai nạn giao th&ocirc;ng, với mục đ&iacute;ch đưa ra c&aacute;i nh&igrave;n chung về chấn thương sọ n&atilde;o tủy sống đồng thời, c&aacute;ch tiếp cận ban đầu v&agrave; đ&aacute;nh gi&aacute; sớm tổn thương nhằm tăng khả năng cứu sống bệnh nh&acirc;n cũng như giảm c&aacute;c biến chứng thần kinh sau n&agrave;y.</p>\r\n\r\n<p><strong>2. Trường hợp l&acirc;m s&agrave;ng</strong></p>\r\n\r\n<p>Bệnh nh&acirc;n nam 53 tuổi v&agrave;o viện cấp cứu v&igrave; đa chấn thương sau khi ng&atilde; đập đầu mặt xuống đất sau tai nạn giao th&ocirc;ng. Tiền sử: chưa ghi nhận việc đau cột sống cổ hay c&aacute;c bệnh l&yacute; li&ecirc;n quan. L&uacute;c v&agrave;o viện bệnh nh&acirc;n tỉnh t&aacute;o, sinh hiệu ổn định, thang điểm tri gi&aacute;c (Glasgow comma score-GCS 15 điểm), đồng tử c&acirc;n xứng v&agrave; c&oacute; phản xạ &aacute;nh s&aacute;ng b&igrave;nh thường, tr&ecirc;n mặt c&oacute; nhiều vết thương chảy m&aacute;u, bệnh nh&acirc;n than phiền đau cổ lan xuống hai tay. Thăm kh&aacute;m thấy hạn chế vận động cổ v&agrave; giảm cơ lực hai tay. Bệnh nh&acirc;n được ti&ecirc;m SAT dự ph&ograve;ng uốn v&aacute;n, d&ugrave;ng kh&aacute;ng sinh, kh&aacute;ng vi&ecirc;m to&agrave;n th&acirc;n, kh&acirc;u vết thương da v&ugrave;ng mi - cung m&agrave;y phải.</p>\r\n\r\n<p>Tr&ecirc;n CT sọ n&atilde;o (H&igrave;nh 1) thấy nhiều đường nứt c&aacute;c xương h&agrave;m mặt v&agrave; tụ m&aacute;u trong c&aacute;c xoang cạnh mũi, b&oacute;ng kh&iacute; nội sọ nhỏ; đụng dập nhu m&ocirc; n&atilde;o, kh&ocirc;ng thấy tụ m&aacute;u ngo&agrave;i/trong m&agrave;ng cứng, xuất huyết dưới nhện hay tổn thương nhu m&ocirc; n&atilde;o. X-quang cổ thẳng nghi&ecirc;ng (H&igrave;nh 2) kh&ocirc;ng thấy g&atilde;y xương đốt sống. MRI cổ (H&igrave;nh 3) thấy ph&ugrave; nề xương xốp th&acirc;n C3C4, tho&aacute;t vị đĩa đệm C3-C4 ch&egrave;n &eacute;p tủy cổ v&agrave; rễ C4, ph&igrave;nh lỗi đĩa đệm C5-C6, ch&egrave;n &eacute;p rễ C6 b&ecirc;n tr&aacute;i lỗ li&ecirc;n hợp.</p>\r\n\r\n<p><img alt="" src="http://bvydhue.com.vn/upload/image/tintuc/nam2022/t3/Untitled.jpg" /></p>\r\n\r\n<p><img alt="" src="http://bvydhue.com.vn/upload/image/tintuc/nam2022/t3/Untitled1.jpg" /></p>\r\n\r\n<p><strong>3. B&agrave;n luận</strong></p>\r\n\r\n<p>Chấn thương sọ n&atilde;o (CTSN) k&egrave;m chấn thương cột sống (CTCS) l&agrave; một đa chấn thương nghi&ecirc;m trọng, tỉ lệ CTSN k&egrave;m CTCS l&agrave; 12,4-12,5% [6]. Ở những bệnh nh&acirc;n CTCS đồng thời với CTSN, v&ugrave;ng cột sống cổ c&oacute; nguy cơ tổn thương cao nhất. Sau CTCS cổ, vi&ecirc;m phổi l&agrave; biến chứng thường gặp nhất v&agrave; l&agrave;m tăng nguy cơ tử vong ở những bệnh nh&acirc;n n&agrave;y [9]. C&aacute;c CTCS cổ v&agrave; đầu li&ecirc;n quan thường gặp ở những bệnh nh&acirc;n bị chấn thương v&ugrave;ng mặt đ&aacute;ng kể, với tỉ lệ g&atilde;y xương mặt l&agrave; 24.0% trong số bệnh nh&acirc;n chấn thương đầu v&agrave; cột sống cổ [10].</p>\r\n\r\n<p><img alt="" src="http://bvydhue.com.vn/upload/image/tintuc/nam2022/t3/Untitled2.jpg" /></p>\r\n\r\n<p>Triệu chứng ở bệnh nh&acirc;n CTSN c&oacute; thể l&agrave; đau đầu, n&ocirc;n vọt, k&iacute;ch động do tăng &aacute;p lực nội sọ; co giật, l&uacute; lẫn, h&ocirc;n m&ecirc; do tụ m&aacute;u hoặc xuất huyết nội sọ... Đối với CTCS c&aacute;c triệu chứng c&oacute; thể t&igrave;m thấy gồm liệt chi, mất hoặc rối loạn cảm gi&aacute;c v&ugrave;ng da dưới đoạn tủy tổn thương, CTCS cổ nguy cơ g&acirc;y tổn thương trung t&acirc;m h&ocirc; hấp v&agrave; thậm ch&iacute; dẫn tới suy h&ocirc; hấp&hellip; Tuy nhi&ecirc;n, kh&ocirc;ng phải bệnh nh&acirc;n n&agrave;o cũng c&oacute; đặc điểm l&acirc;m s&agrave;ng r&otilde; r&agrave;ng. Do đ&oacute; để ph&aacute;t hiện sớm c&aacute;c tổn thương n&agrave;y, người kh&aacute;m cần c&oacute; nhiều kinh nghiệm v&agrave; c&oacute; sự nhạy cảm l&acirc;m s&agrave;ng nhất định. Bệnh nh&acirc;n của ch&uacute;ng t&ocirc;i ho&agrave;n to&agrave;n tỉnh t&aacute;o sau ng&atilde;, với c&aacute;c biểu hiện bao gồm đau ở v&ugrave;ng cổ lan xuống vai đồng thời c&oacute; sự giảm vận động của chi tr&ecirc;n n&ecirc;n ch&uacute;ng t&ocirc;i hướng chẩn đo&aacute;n đến chấn thương cột sống cổ. Trường hợp kh&aacute;c với biểu hiện nặng nề hơn đ&atilde; được b&aacute;o c&aacute;o đầu năm 2022, một thanh ni&ecirc;n 19 tuổi chấn thương cấp độ I sau khi ng&atilde; trong l&uacute;c l&agrave;m việc, bệnh nh&acirc;n bất tỉnh, điểm GCS ban đầu 4 điểm, liệt nửa người ho&agrave;n to&agrave;n, chụp cắt lớp vi t&iacute;nh sọ n&atilde;o-cột sống cho thấy chảy m&aacute;u đa khoang v&agrave; g&atilde;y đốt sống ngực 10, l&agrave;m mất vững cột sống v&agrave; hẹp ống sống nghi&ecirc;m trọng [11]. C&aacute;c biểu hiện l&acirc;m s&agrave;ng rất đa dạng, đ&ocirc;i khi chồng lấp g&acirc;y kh&oacute; khăn cho việc đ&aacute;nh gi&aacute;, đặc biệt l&agrave; giảm tri gi&aacute;c ở bệnh nh&acirc;n CTSN nặng v&agrave; vừa c&oacute; thể cản trở ph&aacute;t hiện CTCS k&egrave;m theo [6]. Một số trường hợp bệnh nh&acirc;n chấn thương sọ n&atilde;o c&oacute; thể kh&ocirc;ng c&oacute; c&aacute;c triệu chứng điển h&igrave;nh hoặc bị bỏ qu&ecirc;n trong khi xử tr&iacute; cấp cứu chấn thương cột sống [10]. Chấn thương sọ n&atilde;o k&egrave;m theo sẽ ảnh hưởng xấu tới qu&aacute; tr&igrave;nh điều trị l&acirc;u d&agrave;i của chấn thương cột sống, nhất l&agrave; khi kh&ocirc;ng ph&aacute;t hiện ra hoặc kh&ocirc;ng xử tr&iacute; kịp thời chấn thương k&egrave;m theo n&agrave;y [12]. Năm 2003, M. Wenger v&agrave; cộng sự&nbsp; đ&atilde; b&aacute;o c&aacute;o một&nbsp;trường hợp chấn thương cột sống cổ với ph&ugrave; tủy ở C3-C4 ph&aacute;t hiện tr&ecirc;n MRI, k&egrave;m theo liệt tứ chi v&agrave; được ph&acirc;n độ A theo thang điểm chấn thương tủy sống của Hiệp hội chấn thương tủy sống Hoa Kỳ (ASIA), tuy nhi&ecirc;n kh&ocirc;ng c&oacute; bằng chứng về tổn thương xương k&egrave;m theo tr&ecirc;n Xquang (SCIWORA - tổn thương tủy sống m&agrave; kh&ocirc;ng c&oacute; chấn thương cột sống tr&ecirc;n Xquang v&agrave; CT) [12]. Trường hợp bệnh nh&acirc;n ch&uacute;ng t&ocirc;i đưa ra cũng tương tự khi kh&ocirc;ng t&igrave;m thấy h&igrave;nh ảnh tổn thương tr&ecirc;n phim Xquang li&ecirc;n quan tới triệu chứng l&acirc;m s&agrave;ng của người n&agrave;y, nhưng MRI lại gi&uacute;p x&aacute;c minh điều đ&oacute; th&ocirc;ng qua h&igrave;nh ảnh tho&aacute;t vị đĩa đệm C3-C4 g&acirc;y ch&egrave;n &eacute;p tủy cổ v&agrave; c&aacute;c rễ C4, ph&ugrave; nề xương xốp th&acirc;n đốt sống C3 v&agrave; C4, ph&igrave;nh lồi đĩa đệm C5-C6, ch&egrave;n &eacute;p rễ C6 b&ecirc;n tr&aacute;i lỗ li&ecirc;n hợp với tiền sử trước đ&oacute; bệnh nh&acirc;n kh&ocirc;ng ghi nhận triệu chứng đau cột sống cổ, điều đ&oacute; cho thấy rằng việc chấn thương do tai nạn giao th&ocirc;ng g&acirc;y ra t&igrave;nh trạng nặng nề hơn trong tổn thương cột sống cổ của bệnh nh&acirc;n cụ thể với bệnh nh&acirc;n n&agrave;y l&agrave; triệu chứng tăng đau cổ v&agrave; lan xuống hai tay sau tai nạn. Qua đ&oacute; cho thấy tầm quan trọng của MRI trong việc ph&aacute;t hiện c&aacute;c tổn thương phần mềm ở cột sống cổ n&oacute;i ri&ecirc;ng v&agrave; cột sống n&oacute;i chung [6].</p>\r\n\r\n<p>B&ecirc;n cạnh MRI, phim chụp cắt lớp kh&ocirc;ng thuốc cũng l&agrave; phương ph&aacute;p chẩn đo&aacute;n h&igrave;nh ảnh ban đầu tốt, n&oacute; gi&uacute;p ph&aacute;t hiện những bất thường xương kh&ocirc;ng thấy được tr&ecirc;n Xquang, c&aacute;c khối m&aacute;u tụ v&agrave; c&aacute;c điểm xuất huyết trong CTSN. Khối xương h&agrave;m mặt sắp xếp th&agrave;nh c&aacute;c lớp tr&ecirc;n dưới, trước sau chồng ch&eacute;o l&ecirc;n nhau, cho n&ecirc;n chẩn đo&aacute;n g&atilde;y xương tr&ecirc;n l&acirc;m s&agrave;ng v&agrave; Xquang đều kh&oacute; ch&iacute;nh x&aacute;c v&agrave; dễ bỏ s&oacute;t. Khối xương sọ mặt li&ecirc;n kết chặt chẽ với sọ n&atilde;o n&ecirc;n chấn thương sọ mặt thường kết hợp với CTSN. V&igrave; vậy, chỉ định chụp phim CT sọ n&atilde;o kh&ocirc;ng thuốc cản quang rất c&oacute; gi&aacute; trị bởi n&oacute; đ&aacute;nh gi&aacute; đồng thời CTSN v&agrave; chấn thương sọ mặt. Phim chụp cắt lớp sọ n&atilde;o kh&ocirc;ng thuốc cản quang được chỉ định cho mọi trường hợp CTSN nghi ngờ c&oacute; tổn thương chảy m&aacute;u nội sọ, l&uacute;n sọ, dị vật&hellip;[2]. Đối với c&aacute;c trường hợp CTSN nhẹ, CLVT sọ n&atilde;o kh&ocirc;ng thuốc được chỉ định khi bệnh nh&acirc;n c&oacute; một trong c&aacute;c yếu tố nguy cơ gồm: tuổi &ge; 60, cơ chế chấn thương nghi&ecirc;m trọng, n&ocirc;n, đau đầu, co giật, mất tr&iacute; nhớ sau chấn thương, GCS &lt;15, ngộ độc rượu hoặc thuốc, vỡ sọ, c&oacute; bằng chứng chấn thương tr&ecirc;n xương đ&ograve;n [13]. Nếu bệnh nh&acirc;n kh&ocirc;ng c&oacute; bất k&igrave; yếu tố nguy cơ n&agrave;o kể tr&ecirc;n v&agrave; GCS 15 điểm th&igrave; kh&ocirc;ng cần chụp CT sọ n&atilde;o m&agrave; chỉ theo d&otilde;i tại nh&agrave; [13].&nbsp;Ngo&agrave;i ra chụp cắt lớp vi t&iacute;nh c&ograve;n được sử dụng để ti&ecirc;n lượng l&acirc;u d&agrave;i.&nbsp;CTCS cổ c&oacute; nguy cơ tổn thương tủy cổ dẫn đến tổn thương trung t&acirc;m h&ocirc; hấp ở h&agrave;nh n&atilde;o v&agrave; xấu nhất l&agrave; liệt cơ ho&agrave;nh g&acirc;y suy h&ocirc; hấp. G&atilde;y xương v&ugrave;ng h&agrave;m mặt c&oacute; thể ảnh hưởng đến việc quản l&yacute; đường thở th&ocirc;ng qua việc đặt nội kh&iacute; quản. Do đ&oacute; trong c&aacute;c&nbsp;trường hợp chấn thương m&agrave; người bệnh c&oacute; đau v&ugrave;ng cổ, mất vận động chi tr&ecirc;n, hoặc những cơn t&ecirc; b&igrave; chi tr&ecirc;n hay chấn thương h&agrave;m mặt, ch&uacute;ng ta cần cố định cổ bệnh nh&acirc;n trước ti&ecirc;n sau đ&oacute; mới tiến h&agrave;nh c&aacute;c bước đ&aacute;nh gi&aacute; v&agrave; tiếp cận một bệnh nh&acirc;n chấn thương, bao gồm loại bỏ c&aacute;c chấn thương đe dọa t&iacute;nh mạng cấp cứu ban đầu, cấp cứu theo thứ tự ABCDE, b&ugrave; dịch, m&aacute;u, giảm đau- an thần- gi&atilde;n cơ. Điều trị CTSN t&ugrave;y thuộc v&agrave;o mức độ nghi&ecirc;m trọng.&nbsp;</p>\r\n\r\n<p>Những bệnh nh&acirc;n CTSN nhẹ x&aacute;c định theo ti&ecirc;u chuẩn của Hội nghị Y học Phục hồi chức năng Hoa Kỳ (ACRM) với sự đồng thuận của Tổ chức hợp t&aacute;c quốc tế về chấn thương sọ n&atilde;o nhẹ: &ldquo;L&agrave; một chấn thương sọ n&atilde;o cấp t&iacute;nh, g&acirc;y n&ecirc;n bởi năng lượng cơ học từ c&aacute;c lực vật l&yacute; b&ecirc;n ngo&agrave;i v&agrave;o đầu bệnh nh&acirc;n, biểu hiện bằng &iacute;t nhất một trong những điều sau: Bất kỳ giai đoạn mất &yacute; thức n&agrave;o dưới 30 ph&uacute;t; mất tr&iacute; nhớ sau chấn thương kh&ocirc;ng qu&aacute; 24 giờ; bất kỳ thay đổi &yacute; thức n&agrave;o tại thời điểm xảy ra tai nạn (cho&aacute;ng v&aacute;ng, mất định hướng, l&uacute; lẫn); bất thường thần kinh tho&aacute;ng qua, bao gồm c&aacute;c dấu hiệu thần kinh khu tr&uacute;, động kinh, v&agrave; c&aacute;c tổn thương nội sọ kh&ocirc;ng cần phẫu thuật; điểm GCS từ 13&ndash;15 (tri gi&aacute;c bệnh nh&acirc;n c&oacute; thể thay đổi từ l&uacute; lẫn đến b&igrave;nh thường khi kh&aacute;m trong khoảng thời gian 30 ph&uacute;t kể từ l&uacute;c nhập viện)&rdquo; [14], theo đ&oacute; bệnh nh&acirc;n sẽ chỉ cần chăm s&oacute;c hỗ trợ v&agrave; c&oacute; ti&ecirc;n lượng tốt&rdquo;. Đối với CTSN trung b&igrave;nh, GCS v&agrave;o 8-13 điểm v&agrave; nhập viện dưới 3 giờ sau chấn thương, khuyến c&aacute;o cho bệnh nh&acirc;n d&ugrave;ng ngay Tranexamic acid để giảm khả năng tử vong, cần tr&aacute;nh tăng th&ocirc;ng kh&iacute; trong 24-48 giờ đầu v&agrave; kiểm so&aacute;t PaCO2 &lt; 30 mmHg trừ khi bệnh nh&acirc;n c&oacute; nguy cơ tụt kẹt n&atilde;o. Phẫu thuật mở sọ giải &aacute;p được chỉ định dựa v&agrave;o thể t&iacute;ch khối m&aacute;u, hiệu ứng khối kết hợp với t&igrave;nh trạng thần kinh của bệnh nh&acirc;n [15]. CTSN nặng với GCS 3-8 điểm cần theo d&otilde;i v&agrave; điều trị tăng &aacute;p lực nội sọ, đảm bảo &aacute;p lực tưới m&aacute;u n&atilde;o hiệu quả. Chỉ định mở sọ giải &aacute;p cấp cứu dựa tr&ecirc;n t&igrave;nh trạng &yacute; thức (GCS) v&agrave; c&aacute;c dấu hiệu nặng tr&ecirc;n CT sọ n&atilde;o như khối m&aacute;u tụ k&iacute;ch thước lớn, đẩy lệch đường giữa. Ngo&agrave;i ra, cần dự ph&ograve;ng c&aacute;c biến chứng nhiễm tr&ugrave;ng, huyết khối tĩnh mạch s&acirc;u, động kinh sau CTSN nặng [16]. Điều trị chung cho c&aacute;c đối tượng c&oacute; GSC &lt; 9 bao gồm đặt nội kh&iacute; quản, tr&aacute;nh t&igrave;nh trạng thiếu oxy m&ocirc; v&agrave; hạ huyết &aacute;p. Cảnh gi&aacute;c tụt kẹt n&atilde;o khi bệnh nh&acirc;n c&oacute; c&aacute;c biểu hiện: đồng tử kh&ocirc;ng c&acirc;n xứng, gi&atilde;n hoặc bất động 1 hoặc 2 b&ecirc;n đồng tử, co cứng mất vỏ hay duỗi cứng mất n&atilde;o, h&ocirc; hấp kh&oacute; khăn, tam chứng Cushing (tăng huyết &aacute;p, giảm nhịp tim, thay đổi nhịp thở) [15]. Ở trường hợp của ch&uacute;ng t&ocirc;i, bệnh nh&acirc;n bị thương nhẹ kh&ocirc;ng mất &yacute; thức, GCS 15 điểm, dấu hiệu sinh tồn ổn định. CT sọ n&atilde;o cho thấy nhiều đường nứt c&aacute;c xương h&agrave;m mặt v&agrave; tụ m&aacute;u trong c&aacute;c xoang cạnh mũi, b&oacute;ng kh&iacute; nội sọ nhỏ, kh&ocirc;ng ph&aacute;t hiện c&aacute;c tổn thương c&oacute; &yacute; nghĩa trong sọ n&ecirc;n chỉ tiếp tục theo d&otilde;i. Về xử tr&iacute; CTCS, thăm kh&aacute;m l&acirc;m s&agrave;ng sử dụng Ti&ecirc;u chuẩn Quốc tế ASIA về Ph&acirc;n loại Thần kinh của tổn thương tủy sống (ISNCSCI) n&ecirc;n được thực hiện để x&aacute;c định mức độ tổn thương v&agrave; mức độ suy giảm chức năng, v&igrave; lợi &iacute;ch của cuộc phẫu thuật giảm &aacute;p khẩn cấp [17]. C&oacute; thể tr&igrave; ho&atilde;n việc cải thiện vấn đề giảm cơ lực ở 2 tay do ti&ecirc;n lượng c&aacute;c m&ocirc; thần kinh bị ch&egrave;n &eacute;p c&oacute; thể tự phục hồi. Điều quan trọng trong chăm s&oacute;c bệnh nh&acirc;n CTCS l&agrave; tr&aacute;nh tổn thương thứ ph&aacute;t cho cột sống v&agrave; tủy sống. Chăm s&oacute;c bệnh nh&acirc;n đa chấn thương n&oacute;i chung cần bất động bệnh nh&acirc;n, theo d&otilde;i tri gi&aacute;c, đường thở v&agrave; huyết động.</p>\r\n\r\n<p>Ti&ecirc;n lượng v&agrave; tỉ lệ tử vong trong CTSN phụ thuộc v&agrave;o thang điểm Glasgow, điểm c&agrave;ng cao tỉ lệ tử vong c&agrave;ng thấp. N&oacute; c&ograve;n được sử dụng rộng r&atilde;i để hướng dẫn xử tr&iacute; sớm bệnh nh&acirc;n bị chấn thương đầu hoặc chấn thương n&atilde;o cấp t&iacute;nh kh&aacute;c. Thang điểm Glasgow c&ograve;n d&ugrave;ng trong theo d&otilde;i diễn biến l&acirc;m s&agrave;ng của bệnh nh&acirc;n cũng như hướng dẫn c&aacute;c thay đổi trong xử tr&iacute; [18]. Những bệnh nh&acirc;n c&oacute; CTSN k&egrave;m theo CTCS, đặc biệt l&agrave; CTCS cổ, thường c&oacute; kết cục xấu hơn về chức năng thần kinh so với bệnh nh&acirc;n CTSN đơn độc. Tuy nhi&ecirc;n, sự c&oacute; mặt đồng thời CTSN v&agrave; CTCS hầu như kh&ocirc;ng ảnh hưởng đến tỉ lệ sống s&oacute;t cũng như khả năng phục hồi chức năng thần kinh trong năm đầu sau chấn thương [19].</p>\r\n\r\n<p><strong>4. Kết luận</strong></p>\r\n\r\n<p>Tỷ lệ bệnh nh&acirc;n mắc đồng thời chấn thương sọ n&atilde;o v&agrave; chấn thương cột sống cổ l&agrave; kh&aacute; cao. Khi tiếp cận một bệnh nh&acirc;n đa chấn thương cần đ&aacute;nh gi&aacute; ngay c&oacute; hay kh&ocirc;ng sự kết hợp 2 tổn thương n&agrave;y, mặc d&ugrave; c&aacute;c dấu hiệu CTSN c&oacute; thể kh&ocirc;ng đặc hiệu nhưng việc chụp CT sọ n&atilde;o kh&ocirc;ng thuốc l&agrave; cần thiết. MRI l&agrave; một phương tiện chẩn đo&aacute;n h&igrave;nh ảnh tốt đối với c&aacute;c trường hợp kh&ocirc;ng t&igrave;m thấy tổn thương tr&ecirc;n Xquang hoặc CT tương ứng với triệu chứng l&acirc;m s&agrave;ng. Việc chẩn đo&aacute;n v&agrave; ph&aacute;t hiện kịp thời c&aacute;c trường hợp chấn thương đồng thời cột sống v&agrave; sọ n&atilde;o c&oacute; &yacute; nghĩa lớn trong định hướng điều trị v&agrave;&nbsp;giảm bớt biến chứng sau n&agrave;y cho&nbsp;</p>\r\n', '/kienthucyduoc/aa9dc2c3e9a6eaa421d7d9304f978ac5.jpg', '2022-12-13', 1, NULL, NULL);

-- Dumping structure for table ctpa_da.lienketwebsite
CREATE TABLE IF NOT EXISTS `lienketwebsite` (
  `ID_LKWEB` int(10) unsigned NOT NULL AUTO_INCREMENT,
  `ID_ADMIN` int(11) NOT NULL,
  `TEN_LKWEB` varchar(255) NOT NULL,
  `LINK_LKWEB` varchar(255) NOT NULL,
  `created_at` timestamp NULL DEFAULT NULL,
  `updated_at` timestamp NULL DEFAULT NULL,
  PRIMARY KEY (`ID_LKWEB`)
) ENGINE=InnoDB AUTO_INCREMENT=5 DEFAULT CHARSET=utf8mb4 COLLATE=utf8mb4_unicode_ci;

-- Dumping data for table ctpa_da.lienketwebsite: ~4 rows (approximately)
INSERT INTO `lienketwebsite` (`ID_LKWEB`, `ID_ADMIN`, `TEN_LKWEB`, `LINK_LKWEB`, `created_at`, `updated_at`) VALUES
	(1, 1, 'UBND TP. Cần Thơ', 'https://www.cantho.gov.vn/wps/portal/home', NULL, NULL),
	(2, 1, 'Bộ Y tế', 'https://moh.gov.vn/', NULL, NULL),
	(3, 1, 'Cục Quản lý Dược', 'https://dav.gov.vn/', NULL, NULL),
	(4, 1, 'Sở Y tế Cần Thơ', 'https://soytecantho.vn/', NULL, NULL);

-- Dumping structure for table ctpa_da.migrations
CREATE TABLE IF NOT EXISTS `migrations` (
  `id` int(10) unsigned NOT NULL AUTO_INCREMENT,
  `migration` varchar(255) NOT NULL,
  `batch` int(11) NOT NULL,
  PRIMARY KEY (`id`)
) ENGINE=InnoDB AUTO_INCREMENT=33 DEFAULT CHARSET=utf8mb4 COLLATE=utf8mb4_unicode_ci;

-- Dumping data for table ctpa_da.migrations: ~32 rows (approximately)
INSERT INTO `migrations` (`id`, `migration`, `batch`) VALUES
	(1, '2014_10_12_100000_create_password_resets_table', 1),
	(2, '2019_08_19_000000_create_failed_jobs_table', 1),
	(3, '2019_12_14_000001_create_personal_access_tokens_table', 1),
	(4, '2022_06_04_041010_create_admin_table', 1),
	(5, '2022_06_04_042212_create_admin_table', 2),
	(6, '2022_06_04_063846_create_loaidiemtin_table', 3),
	(7, '2022_06_07_032500_create_diemtin_table', 4),
	(8, '2022_06_07_033142_create_phapluat_table', 5),
	(9, '2022_06_07_033212_create_chuyenmuc_phapluat_table', 5),
	(10, '2022_06_07_034155_create_chuyenmuc_vanban_table', 6),
	(11, '2022_06_07_034215_create_vanban_table', 6),
	(12, '2022_06_07_034924_create_phapluat_table', 7),
	(13, '2022_06_07_035006_create_diemtin_table', 7),
	(14, '2022_06_07_035157_create_khach_table', 8),
	(15, '2022_06_07_040009_create_hoivien_table', 9),
	(16, '2022_06_07_040222_create_vanphongcongchung_table', 10),
	(17, '2022_06_07_152202_create_diemtin_table', 11),
	(18, '2022_06_07_152530_create_phapluat_table', 12),
	(19, '2022_06_07_152857_create_khach_table', 13),
	(20, '2022_06_07_153721_create_chuyenmucdiemtin_table', 14),
	(21, '2022_06_07_154101_create_chuyenmucphapluat_table', 15),
	(22, '2022_06_07_154224_create_chuyenmucvanban_table', 16),
	(23, '2022_06_07_154410_create_diemtin_table', 17),
	(24, '2022_06_07_154625_create_hocvien_table', 18),
	(25, '2022_06_07_154743_create_ykiendonggop_table', 19),
	(26, '2022_06_14_032530_create_hocvien_table', 20),
	(27, '2022_06_17_042958_create_ykiendonggop_table', 21),
	(28, '2022_06_17_043429_create_khach_table', 22),
	(29, '2022_06_21_023209_create_chuyenmucthuvien_table', 23),
	(30, '2022_06_21_023338_create_thuvien_table', 23),
	(31, '2022_06_21_023513_create_bieumauccv_table', 23),
	(32, '2022_06_21_023733_create_lienketwebsite_table', 23);

-- Dumping structure for table ctpa_da.phapluat
CREATE TABLE IF NOT EXISTS `phapluat` (
  `ID_PL` int(10) unsigned NOT NULL AUTO_INCREMENT,
  `ID_CHUYENMUC_PL` int(11) NOT NULL,
  `ID_ADMIN` int(11) NOT NULL,
  `TIEUDE_PL` varchar(255) NOT NULL,
  `NOIDUNG_PL` text NOT NULL,
  `FILE_PL` varchar(255) NOT NULL,
  `NGAYDANG_PL` date NOT NULL,
  `NGAY_HIEULUC` date DEFAULT NULL,
  `created_at` timestamp NULL DEFAULT NULL,
  `updated_at` timestamp NULL DEFAULT NULL,
  PRIMARY KEY (`ID_PL`)
) ENGINE=InnoDB AUTO_INCREMENT=23 DEFAULT CHARSET=utf8mb4 COLLATE=utf8mb4_unicode_ci;

-- Dumping data for table ctpa_da.phapluat: ~3 rows (approximately)
INSERT INTO `phapluat` (`ID_PL`, `ID_CHUYENMUC_PL`, `ID_ADMIN`, `TIEUDE_PL`, `NOIDUNG_PL`, `FILE_PL`, `NGAYDANG_PL`, `NGAY_HIEULUC`, `created_at`, `updated_at`) VALUES
	(19, 1, 1, 'Quy định về kê đơn thuốc y học cổ truyền, kê đơn thuốc y học cổ truyền kết hợp với thuốc tân dược trong các cơ sở khám bệnh, chữa bệnh', '', '/phapluat/6bc1d523c63cf67b32f4df869b22bc1b.pdf', '2022-12-01', '2016-01-05', NULL, NULL),
	(21, 1, 1, 'Quy định mức thu dịch vụ khám bệnh, chữa bệnh không thuộc phạm vi thanh toán của Quỹ bảo hiểm y tế trong các cơ sở khám bệnh, chữa bệnh của Nhà nước trên địa bàn thành phố Cần Thơ', '', '/phapluat/aab04669b408b67fdb6f014d19b8d0e8.pdf', '2022-12-01', '2017-07-07', NULL, NULL),
	(22, 1, 1, '	Quy định mức tối đa khung giá dịch vụ khám bệnh, chữa bệnh không thuộc phạm vi thanh toán của Quỹ bảo hiểm y tế trong các cơ sở khám bệnh, chữa bệnh của Nhà nước và hướng dẫn áp dụng giá, thanh toán chi phí khám bệnh chữa bệnh trong một số trường hợp', '', '/phapluat/ea0ece06dd8ce446d7c45312c0d12447.pdf', '2022-12-01', '2017-03-15', NULL, NULL);

-- Dumping structure for table ctpa_da.thuvien
CREATE TABLE IF NOT EXISTS `thuvien` (
  `ID_TV` int(10) unsigned NOT NULL AUTO_INCREMENT,
  `ID_CHUYENMUC_TV` int(11) NOT NULL,
  `ID_ADMIN` int(11) NOT NULL,
  `FILE_TV` varchar(255) NOT NULL,
  `created_at` timestamp NULL DEFAULT NULL,
  `updated_at` timestamp NULL DEFAULT NULL,
  PRIMARY KEY (`ID_TV`)
) ENGINE=InnoDB AUTO_INCREMENT=45 DEFAULT CHARSET=utf8mb4 COLLATE=utf8mb4_unicode_ci;

-- Dumping data for table ctpa_da.thuvien: ~8 rows (approximately)
INSERT INTO `thuvien` (`ID_TV`, `ID_CHUYENMUC_TV`, `ID_ADMIN`, `FILE_TV`, `created_at`, `updated_at`) VALUES
	(37, 1, 1, '/thuvien/a1-8372.png', NULL, NULL),
	(38, 1, 1, '/thuvien/anh-chup-man-hinh-2022-06-17-luc-18-27-23-3411.png', NULL, NULL),
	(39, 1, 1, '/thuvien/bo-nhiem-7030.jpg', NULL, NULL),
	(40, 1, 1, '/thuvien/fce1cc6f043ec7609e2f-4503.png', NULL, NULL),
	(41, 1, 1, '/thuvien/screenshot-20220528-155428-chrome-2199.jpg', NULL, NULL),
	(42, 2, 1, '/thuvien/Hệ thống giữ xe thông minh Tparking _ TTZ Việt Nam.mp4', NULL, NULL),
	(43, 2, 1, '/thuvien/Miền Bắc đón mưa dông từ đêm nay 21_6, xua tan cái nắng _đổ lửa_ _ VTC Now.mp4', NULL, NULL),
	(44, 2, 1, '/thuvien/Video tuyên truyền An toàn giao thông - B Productions.mp4', NULL, NULL);

-- Dumping structure for table ctpa_da.vanban
CREATE TABLE IF NOT EXISTS `vanban` (
  `ID_VB` int(10) unsigned NOT NULL AUTO_INCREMENT,
  `ID_CHUYENMUC_VB` int(11) NOT NULL,
  `ID_ADMIN` int(11) NOT NULL,
  `TIEUDE_VB` varchar(255) NOT NULL,
  `NOIDUNG_VB` text NOT NULL,
  `FILE_VB` varchar(255) NOT NULL,
  `HINHANH_VB` varchar(255) NOT NULL,
  `NGAYDANG_VB` date NOT NULL,
  `created_at` timestamp NULL DEFAULT NULL,
  `updated_at` timestamp NULL DEFAULT NULL,
  PRIMARY KEY (`ID_VB`)
) ENGINE=InnoDB AUTO_INCREMENT=23 DEFAULT CHARSET=utf8mb4 COLLATE=utf8mb4_unicode_ci;

-- Dumping data for table ctpa_da.vanban: ~4 rows (approximately)
INSERT INTO `vanban` (`ID_VB`, `ID_CHUYENMUC_VB`, `ID_ADMIN`, `TIEUDE_VB`, `NOIDUNG_VB`, `FILE_VB`, `HINHANH_VB`, `NGAYDANG_VB`, `created_at`, `updated_at`) VALUES
	(18, 1, 1, 'Đình chỉ lưu hành, thu hồi mỹ phẩm không đạt chất lượng - Sữa tắm dầu dừa', '', '/vanban/95d54ee8c7cd6de0cdbb7aa1122d51fc.pdf', '/vanban/a403731fd1daeb8276e63935cd3fd85e.jpg', '2022-12-08', NULL, NULL),
	(19, 1, 1, 'Nộp hồ sơ đề nghị đánh giá định kỳ nguyên tắc, tiêu chuẩn "Thực hành tốt cơ sở bán lẻ thuốc - GPP" - QT Thanh Xuân 2', '', '/vanban/10f332580de5b088fe5c5f62093c1566.pdf', '../../../upload/vanban/d41d8cd98f00b204e9800998ecf8427e.', '2022-12-01', NULL, NULL),
	(20, 3, 1, 'Nộp hồ sơ đề nghị đánh giá định kỳ nguyên tắc, tiêu chuẩn "Thực hành tốt cơ sở bán lẻ thuốc - GPP" - QT Hoàng Xuân', '', '/vanban/c28dcb167105faf31ac37b038b4ce759.pdf', '../../../upload/vanban/d41d8cd98f00b204e9800998ecf8427e.', '2022-12-01', NULL, NULL),
	(22, 3, 1, 'Điều lệ hội', '', '/vanban/dieule_hdh.pdf', '../../../upload/vanban/d41d8cd98f00b204e9800998ecf8427e.', '2022-12-27', NULL, NULL);

-- Dumping structure for table ctpa_da.vanbanhiephoi
CREATE TABLE IF NOT EXISTS `vanbanhiephoi` (
  `ID_PL` int(10) unsigned NOT NULL AUTO_INCREMENT,
  `TIEUDE_PL` varchar(255) NOT NULL,
  `NOIDUNG_PL` text NOT NULL,
  `FILE_PL` varchar(255) NOT NULL,
  `NGAYDANG_PL` date NOT NULL,
  `created_at` timestamp NULL DEFAULT NULL,
  `updated_at` timestamp NULL DEFAULT NULL,
  PRIMARY KEY (`ID_PL`) USING BTREE
) ENGINE=InnoDB AUTO_INCREMENT=3 DEFAULT CHARSET=utf8mb4 COLLATE=utf8mb4_unicode_ci;

-- Dumping data for table ctpa_da.vanbanhiephoi: ~0 rows (approximately)
INSERT INTO `vanbanhiephoi` (`ID_PL`, `TIEUDE_PL`, `NOIDUNG_PL`, `FILE_PL`, `NGAYDANG_PL`, `created_at`, `updated_at`) VALUES
	(2, 'Văn bản của hiệp hội 1', '<p>Văn bản của hiệp hội 1</p>\r\n', '/vanbanhiephoi/6e521c02ceadb88701aa8a41a00e5c40.jpg', '2022-07-15', NULL, NULL);

-- Dumping structure for table ctpa_da.vanphongcongchung
CREATE TABLE IF NOT EXISTS `vanphongcongchung` (
  `rowid` int(11) unsigned NOT NULL AUTO_INCREMENT,
  `ID_VPCC` int(10) NOT NULL,
  `ID_ADMIN` int(11) NOT NULL,
  `TEN_VPCC` varchar(255) NOT NULL,
  `diachi` varchar(255) NOT NULL,
  `sodienthoai` varchar(255) NOT NULL,
  `email` varchar(255) NOT NULL,
  `website` varchar(255) NOT NULL,
  `ANH_VPCC` varchar(255) NOT NULL,
  `THONGTIN_VPCC` text NOT NULL,
  `NGAYTHANHLAP_VPCC` date DEFAULT NULL,
  `created_at` timestamp NULL DEFAULT NULL,
  `updated_at` timestamp NULL DEFAULT NULL,
  PRIMARY KEY (`rowid`) USING BTREE
) ENGINE=InnoDB AUTO_INCREMENT=61 DEFAULT CHARSET=utf8mb4 COLLATE=utf8mb4_unicode_ci;

-- Dumping data for table ctpa_da.vanphongcongchung: ~17 rows (approximately)
INSERT INTO `vanphongcongchung` (`rowid`, `ID_VPCC`, `ID_ADMIN`, `TEN_VPCC`, `diachi`, `sodienthoai`, `email`, `website`, `ANH_VPCC`, `THONGTIN_VPCC`, `NGAYTHANHLAP_VPCC`, `created_at`, `updated_at`) VALUES
	(44, 1, 1, 'Võ Thị Hồng Yến củ', '1234123', '1123145123', '', 'abc.comád', '', 'Công chứng viên:     1.  Võ Thị Hồng Yến - Trưởng Văn phòng     2. Lê Quang Bảo Đức Địa chỉ: 152A Nguyễn Hiền, KDC 91B, kv6 Phường An Khánh, Q. Ninh Kiều, TP. Cần ThơSĐT:  0918. 392. 126 ', '2000-06-07', '0000-00-00 00:00:00', '0000-00-00 00:00:00'),
	(45, 2, 1, 'Vĩnh Thạnh', '', '', '', '', '/vanphongcongchung/anh6.jpg', '<p><em><strong>Công chứng viên</strong></em></p>\n\n<p>&nbsp; &nbsp; &nbsp;1. Trịnh Văn Tâm - Trưởng văn phòng</p>\n\n<p>&nbsp; &nbsp; &nbsp;2. Lê Viết Bên&nbsp;</p>\n\n<p><strong><em>Địa chỉ:&nbsp;</em></strong> Số 06, khu Bến Tàu, Trung tâm Thương mại huyện Vĩnh Thạnh, TT. Vĩnh Thạnh, Huyện Vĩnh Thạnh, Cần Thơ.&nbsp;</p>\n\n<p><em><strong>SĐT:</strong></em>&nbsp; -đang cập nhật-</p>\n', '2012-10-01', '0000-00-00 00:00:00', '0000-00-00 00:00:00'),
	(46, 5, 1, 'Triệu Tấn Thọ', '', '', '', '', '/vanphongcongchung/anh7.jpg', '<p><em><strong>Công chứng viên:</strong></em></p>\r\n\r\n<p>&nbsp; &nbsp; &nbsp; 1.&nbsp;Triệu Tấn Thọ&nbsp;&nbsp;- Trưởng văn phòng</p>\r\n\r\n<p>&nbsp; &nbsp; &nbsp;&nbsp;&nbsp;2. Lê Nguyễn Nhu&nbsp;</p>\r\n\r\n<p><em><strong>Địa chỉ: </strong></em>810, KV Quy Thạnh, Phường Trung Kiên, Thốt Nốt, Cần Thơ.</p>\r\n\r\n<p><em><strong>SĐT:</strong></em> 02923.612.026</p>\r\n', '2016-06-29', '0000-00-00 00:00:00', '0000-00-00 00:00:00'),
	(47, 6, 1, 'Trần Văn Thanh', '', '', '', '', '/vanphongcongchung/anh8.jpg', '<p><em><strong>Công chứng viên</strong></em>&nbsp;&nbsp;</p>\r\n\r\n<p>&nbsp; &nbsp; &nbsp; 1. Trần Văn Thanh - Trưởng văn phòng</p>\r\n\r\n<p>&nbsp; &nbsp; &nbsp; 2. Tô Hoài Thanh</p>\r\n\r\n<p><em><strong>Địa chỉ:</strong></em> 71 Cách Mạng Tháng 8, phường An Thới, quận Bình Thủy, thành phố Cần Thơ</p>\r\n\r\n<p><em><strong>SĐT:</strong></em> 02923.881.975</p>', '2011-10-18', '0000-00-00 00:00:00', '0000-00-00 00:00:00'),
	(48, 7, 1, 'Trần Văn Mỹ', '', '', '', '', '/vanphongcongchung/anh9.jpg', '<p><em><strong>Công chứng viên:</strong></em></p>\r\n\r\n<p>&nbsp; &nbsp; &nbsp;1. Trần Văn Mỹ - Trưởng văn phòng</p>\r\n\r\n<p>&nbsp; &nbsp; &nbsp;2. Trần Mạnh Hùng&nbsp;&nbsp;</p>\r\n\r\n<p><em><strong>Địa chỉ: </strong></em>số 110, đường CMT8, phường Bùi Hữu Nghĩa, quận Bình Thủy, thành phố Cần Thơ.</p>\r\n\r\n<p><em><strong>SĐT:</strong></em> 02923.881.599</p>\r\n', '2010-03-10', '0000-00-00 00:00:00', '0000-00-00 00:00:00'),
	(49, 8, 1, 'Trần Ngọc Chiến', '', '', '', '', '/vanphongcongchung/anh5.png', '<p><em><strong>Công chứng viên:</strong></em></p>\r\n\r\n<p>&nbsp; &nbsp; &nbsp;1. Trần Ngọc Chiến - Trưởng văn phòng</p>\r\n\r\n<p>&nbsp; &nbsp; &nbsp;2.&nbsp;Thái Hùng Minh&nbsp;</p>\r\n\r\n<p><em><strong>Địa chỉ:</strong></em>&nbsp; 296, đường Nguyễn Văn Cừ, phường An Hòa, quận Ninh Kiều, thành phố Cần Thơ</p>\r\n\r\n<p><em><strong>SĐT: </strong></em>0292.381.9999</p>\r\n', '2016-03-21', '0000-00-00 00:00:00', '0000-00-00 00:00:00'),
	(50, 9, 1, 'Thiệu Ngọc Tuyết', '', '', '', '', '/vanphongcongchung/anh11.jpg', '<p><em><strong>Công chứng viên:</strong></em></p>\r\n\r\n<p>&nbsp; &nbsp; &nbsp;1. Thiệu Ngọc Tuyết - Trưởng văn phòng&nbsp;&nbsp;</p>\r\n\r\n<p><em><strong>Địa Chỉ:</strong></em>&nbsp; 77, Quốc lộ 91B, Phường Phước Thới, Quận Ô Môn, TP. Cần Thơ.&nbsp;</p>\r\n\r\n<p><em><strong>SĐT:</strong></em> 0292.6521.234&nbsp;</p>\r\n', '2014-09-06', '0000-00-00 00:00:00', '0000-00-00 00:00:00'),
	(51, 10, 1, 'Tây Nam', '', '', '', '', '/vanphongcongchung/anh12.png', '<p><em><strong>Công chứng viên:</strong></em></p>\r\n\r\n<p>&nbsp; &nbsp; &nbsp; &nbsp;1. Trần Mộng Hùng - Trưởng văn phòng</p>\r\n\r\n<p>&nbsp; &nbsp; &nbsp; &nbsp;2.&nbsp;Hồ Thanh Hùng</p>\r\n\r\n<p><em><strong>Địa chỉ: </strong></em>T1-6, Tây Nguyên Plaza, KDC Long Thịnh, đường Võ Nguyên Giáp, Phường Phú Thứ, Quận Cái Răng, TP. Cần Thơ.</p>\r\n\r\n<p><em><strong>SĐT:</strong></em> 02926.258.908 - <strong><em>Email:&nbsp;</em></strong>congchungtaynam@gmail.com&nbsp;</p>\r\n', '2012-12-19', '0000-00-00 00:00:00', '0000-00-00 00:00:00'),
	(52, 11, 1, 'Nguyễn Văn Bê', '', '', '', '', '/vanphongcongchung/anh13.jpg', '<p><em><strong>Công chứng viên:</strong></em></p>\r\n\r\n<p>&nbsp; &nbsp; &nbsp;1. Nguyễn Văn Bê</p>\r\n\r\n<p>&nbsp; &nbsp; &nbsp;2. Nguyễn Hoàng Cẩm Thi&nbsp;</p>\r\n\r\n<p><em><strong>Địa chỉ:</strong></em> ấp Thới Khánh A, xã Tân Thạnh, huyện Thới&nbsp;Lai, thành phố Cần Thơ</p>\r\n\r\n<p><em><strong>SĐT:</strong></em> 02926.256.066</p>\r\n', '2006-09-14', '0000-00-00 00:00:00', '0000-00-00 00:00:00'),
	(53, 12, 1, 'Nguyễn Thị Bích Liên', '', '', '', '', '/vanphongcongchung/anh4.jpg', '<p><em><strong>Công chứng viên:</strong></em></p>\r\n\r\n<p>&nbsp; &nbsp; &nbsp;1. Nguyễn Thị Bích Liên - Trưởng văn phòng</p>\r\n\r\n<p>&nbsp; &nbsp; &nbsp;2. Cao Thanh Tùng</p>\r\n\r\n<p>&nbsp; &nbsp; &nbsp;3. Ung Thị Như Quỳnh&nbsp;</p>\r\n\r\n<p><em><strong>Địa chỉ:</strong></em> số 03, đường Nam Kỳ Khởi Nghĩa, phường Tân An, Ninh Kiều, Cần Thơ</p>\r\n\r\n<p><em><strong>SĐT:</strong></em> 02923.817.595</p>\r\n', '2013-12-23', '0000-00-00 00:00:00', '0000-00-00 00:00:00'),
	(54, 14, 1, 'Nguyễn Thanh Tùng', '', '', '', '', '/vanphongcongchung/anh1.png', '<p><em><strong>Công chứng viên:</strong></em></p>\r\n\r\n<p>&nbsp; &nbsp; &nbsp;1. Nguyễn Thanh Tùng - Trưởng văn phòng</p>\r\n\r\n<p>&nbsp; &nbsp; &nbsp;2. Lê Việt Hùng&nbsp;</p>\r\n\r\n<p><em><strong>Địa chỉ:</strong></em> ấp Thới Thuận B, thị trấn Thới Lai, huyện Thới Lai, Cần Thơ.</p>\r\n\r\n<p><em><strong>SĐT: </strong></em>0988.993.77</p>\r\n', '2016-03-01', '0000-00-00 00:00:00', '0000-00-00 00:00:00'),
	(55, 15, 1, 'Nguyễn Thanh Đình', '', '', '', '', '/vanphongcongchung/anh.png', '<p><em><strong>Công chứng viên:&nbsp;</strong></em></p>\r\n\r\n<p>&nbsp; &nbsp; &nbsp;1. Nguyễn Thanh Đình - Trưởng văn phòng</p>\r\n\r\n<p>&nbsp; &nbsp; &nbsp;2. Nguyễn Thanh Toàn&nbsp;</p>\r\n\r\n<p>&nbsp; &nbsp; &nbsp;3. Trương Mộng Quỳnh</p>\r\n\r\n<p><em><strong>Địa chỉ:&nbsp;</strong></em>số 146G, Trần Văn Hoài, Xuân Khánh, Ninh Kiều, Cần Thơ.</p>\r\n\r\n<p><em><strong>SĐT: </strong></em>02923.823.930 -&nbsp;<em><strong>Fax:</strong></em> 02923.824.117</p>\r\n', '2016-01-01', '0000-00-00 00:00:00', '0000-00-00 00:00:00'),
	(56, 16, 1, 'Nguyễn Ngọc Long', '', '', '', '', '/vanphongcongchung/anh14.jpg', '<p><em><strong>Công chứng viên:</strong></em></p>\r\n\r\n<p>&nbsp; &nbsp; &nbsp;1. Nguyễn Ngọc Long - Trưởng văn phòng</p>\r\n\r\n<p>&nbsp; &nbsp; &nbsp;2. Lê Thị Ái Vân</p>\r\n\r\n<p><em><strong>Địa chỉ:</strong></em> 65A-AA, KDC Hồng Phát, đường Nguyễn Văn Cừ (nối dài), phường An Bình, quận Ninh Kiều, TP. Cần Thơ</p>\r\n\r\n<p><em><strong>SĐT:</strong></em> 02923969966&nbsp;</p>\r\n', '2019-08-15', '0000-00-00 00:00:00', '0000-00-00 00:00:00'),
	(57, 17, 1, 'Nguyễn Hoài Thanh', '', '', '', '', '/vanphongcongchung/anh2.jpg', '<p><em><strong>Công chứng viên&nbsp;&nbsp;</strong></em></p>\r\n\r\n<p>&nbsp; &nbsp; &nbsp;1. Nguyễn Hoài Thanh - Trưởng văn phòng</p>\r\n\r\n<p>&nbsp; &nbsp; &nbsp;2. Trần Hữu Xinh&nbsp;</p>\r\n\r\n<p>&nbsp; &nbsp; &nbsp;3. Nguyễn Hồng Ái Anh&nbsp;</p>\r\n\r\n<p><strong><em>Địa chỉ:</em></strong> 09, đường Lê Hồng Phong, Phường Bình Thủy, Quận Bình Thủy, TP. Cần Thơ.&nbsp;</p>\r\n\r\n<p><em><strong>SĐT: </strong></em>02923.763.966</p>\r\n', '2006-07-12', '0000-00-00 00:00:00', '0000-00-00 00:00:00'),
	(58, 18, 1, 'Nguyễn Đức Thắng', '', '', '', '', '/vanphongcongchung/anh3.jpg', '<p><em><strong>Công chứng viên:</strong></em></p>\r\n\r\n<p>&nbsp; &nbsp; &nbsp;1. Nguyễn Đức Thắng - Trưởng văn phòng</p>\r\n\r\n<p><em><strong>&nbsp;Địa chỉ: </strong></em>Ấp Vĩnh Tiến, thị trấn Vĩnh Thạnh, huyện Vĩnh Thạnh, thành phố Cần Thơ.</p>\r\n\r\n<p>&nbsp;<em><strong>SĐT:</strong></em>&nbsp;0988 993 779&nbsp;</p>\r\n', '2020-09-18', '0000-00-00 00:00:00', '0000-00-00 00:00:00'),
	(59, 19, 1, 'Ngô Hồng Thanh', '', '', '', '', '/vanphongcongchung/anh15.jpg', '<p><em><strong>Công chứng viên:</strong></em></p>\r\n\r\n<p>&nbsp; &nbsp; &nbsp;1. Ngô Hồng Thanh - Trưởng văn phòng</p>\r\n\r\n<p><em><strong>Địa chỉ:</strong></em> HD8-1, Đường Võ Nguyên Giáp, KDC Nam Long, KV2, Phường Hưng Thạnh, Quận Cái Răng, TP. Cần Thơ.</p>\r\n\r\n<p><em><strong>SĐT:</strong></em> 02923.846.947&nbsp;</p>\r\n', '2017-05-30', '0000-00-00 00:00:00', '0000-00-00 00:00:00'),
	(60, 20, 1, 'Ngô Công Quốc Thái', '', '', '', '', '/vanphongcongchung/anh16.jpg', '<p><em><strong>Công chứng viên:</strong></em></p>\r\n\r\n<p>&nbsp; &nbsp; &nbsp;1. Nguyễn Thị Cưỡng&nbsp; - Trưởng văn phòng&nbsp;&nbsp;</p>\r\n\r\n<p>&nbsp; &nbsp; &nbsp;2. Ngô Công Quốc Thái - hợp danh</p>\r\n\r\n<p><em><strong>Địa chỉ:</strong></em> 172B Lê Bình, phường Hưng Lợi, quận Ninh Kiều, TP. Cần Thơ.&nbsp;&nbsp;</p>\r\n\r\n<p><em><strong>SĐT:</strong></em> 0913 961 297 - 0292 3939 345 - <em><strong>Email:</strong></em>&nbsp;congchungninhkieu@gmail.com&nbsp;</p>\r\n', '2006-10-29', '0000-00-00 00:00:00', '0000-00-00 00:00:00');

-- Dumping structure for table ctpa_da.vanphongcongchung_hoatdong
CREATE TABLE IF NOT EXISTS `vanphongcongchung_hoatdong` (
  `rowid` int(11) NOT NULL AUTO_INCREMENT,
  `lastmodify` datetime DEFAULT NULL,
  `id_vpcc` int(10) NOT NULL,
  `ten_hientai` varchar(255) DEFAULT NULL,
  `ten_truocdo` varchar(255) NOT NULL,
  `diachi_cu` varchar(255) NOT NULL,
  `sdt_cu` int(11) NOT NULL DEFAULT 0,
  `ngay` date NOT NULL,
  PRIMARY KEY (`rowid`)
) ENGINE=InnoDB DEFAULT CHARSET=utf8 COLLATE=utf8_unicode_ci;

-- Dumping data for table ctpa_da.vanphongcongchung_hoatdong: ~0 rows (approximately)

-- Dumping structure for table ctpa_da.ykiendonggop
CREATE TABLE IF NOT EXISTS `ykiendonggop` (
  `ID_YKDG` int(10) unsigned NOT NULL AUTO_INCREMENT,
  `NOIDUNG_YKDG` longtext NOT NULL,
  `THOIGIAN_YKDG` timestamp NOT NULL DEFAULT current_timestamp() ON UPDATE current_timestamp(),
  `HOTEN_YKDG` varchar(255) NOT NULL,
  `EMAIL_YKDG` varchar(255) NOT NULL,
  `SDT_YKDG` varchar(255) NOT NULL,
  `created_at` timestamp NULL DEFAULT NULL,
  `updated_at` timestamp NULL DEFAULT NULL,
  PRIMARY KEY (`ID_YKDG`)
) ENGINE=InnoDB AUTO_INCREMENT=7 DEFAULT CHARSET=utf8mb4 COLLATE=utf8mb4_unicode_ci;

-- Dumping data for table ctpa_da.ykiendonggop: ~3 rows (approximately)
INSERT INTO `ykiendonggop` (`ID_YKDG`, `NOIDUNG_YKDG`, `THOIGIAN_YKDG`, `HOTEN_YKDG`, `EMAIL_YKDG`, `SDT_YKDG`, `created_at`, `updated_at`) VALUES
	(1, 'xin chao', '2022-06-17 04:32:14', 'tuong', 'tuong@gmail.com', '0947573654', NULL, NULL),
	(5, 'vnsdflkgjdfjgdfkgjdf', '2022-07-11 10:27:28', 'ngujyenvi', 'fldksfnsdkfjs', '4234i23904903ifjsdkfj', NULL, NULL),
	(6, 'ádasdasdafadvrs', '2022-12-06 02:57:33', 'quach tân an', 'quachtanan@gmail.com', '123123123', NULL, NULL);

/*!40103 SET TIME_ZONE=IFNULL(@OLD_TIME_ZONE, 'system') */;
/*!40101 SET SQL_MODE=IFNULL(@OLD_SQL_MODE, '') */;
/*!40014 SET FOREIGN_KEY_CHECKS=IFNULL(@OLD_FOREIGN_KEY_CHECKS, 1) */;
/*!40101 SET CHARACTER_SET_CLIENT=@OLD_CHARACTER_SET_CLIENT */;
/*!40111 SET SQL_NOTES=IFNULL(@OLD_SQL_NOTES, 1) */;
